hash	Comment	brand	isTaken	name	number	paypal	physical	price	snipit	url
00a7b43c03f9ab3cb8f75584f3592bd92ae3b641		Amazon	2024-11-25T16:10:52.127	Tamagotchi Box	1	true	false	13.99	https://screenshot.googleplex.com/9sBcTat2kyAe8cZ	https://www.amazon.de/Meetikar-Elektronisches-Handschlaufe-Bildschirmschutz-Schl%C3%BCsselband/dp/B0CZF62LHV/ref=sr_1_1_sspa?crid=1T3XXG8342MB&dib=eyJ2IjoiMSJ9.BtdjKlXI4QDI0Jjhcvaj9QcvM9amOf3CGY1YQFo9QQR95OAvBzjRf6AjBFLqYUXPh-c7d7fWmWD8A1vxu8v4nLW2kZn2kM65VGg_LQKzEpovH-gjcnLgKrSbFJaHyt7KZ4fIvnwO8ySSfKmvLvckEwX8Yd7I3218pnMP8ME02O6JQi_iRjd18QzOjNLB8rCBEX_Ms24OS2e23Ws8xNz-pfJwP50olpTpNzAnt4E7PLL_wc9WX8jcTQGZf5lIOE28glPhGB-4LmWkt73wbelRmky8X73vIcqaYd4mEKgXsaE.hE8Dx75N4WuK8y8bTgzDsS406du-YWhYxRYixzRFjiI&dib_tag=se&keywords=tamagotchi%2Boriginal&nsdOptOutParam=true&qid=1731612926&s=toys&sprefix=tamagotsch%2Ctoys%2C123&sr=1-1-spons&sp_csd=d2lkZ2V0TmFtZT1zcF9hdGY&th=1
011ce853d0d339d734b31a390af7cdfb43192918		Amazon	2024-11-25T09:24:05.299	Squishy Unicorn	1	true	false	18.99	https://screenshot.googleplex.com/ArFUdABVh72v9bV	https://www.amazon.de/dp/B0BVFJSFXJ/ref=sspa_dk_detail_3?pd_rd_i=B0BVFJSFXJ&pd_rd_w=yf7rS&content-id=amzn1.sym.d9f88fbb-7ec7-4155-9602-43fd71456ba4&pf_rd_p=d9f88fbb-7ec7-4155-9602-43fd71456ba4&pf_rd_r=1WWX1ZQ1V9SAGCJNPWWN&pd_rd_wg=RaJXX&pd_rd_r=54f8de5d-92aa-44ac-b52b-0e1141d36b53&s=toys&sp_csd=d2lkZ2V0TmFtZT1zcF9kZXRhaWxfdGhlbWF0aWM&th=1
014a66d980aa48548cb35e728807a2582873db20		Amazon	2024-11-25T09:55:15.472	Edurino Figurine Horse	1	false	false	24.99	https://screenshot.googleplex.com/62cuJpVEdRvrpbo	https://www.amazon.de/Edurino-Innovatives-digitales-Verst%C3%A4ndnis-Tagesabl%C3%A4ufe/dp/B0D9BHLPY6/ref=sr_1_6?crid=2S6XFKQGLQYWA&dib=eyJ2IjoiMSJ9.AidPxe9p_H069vCwWiHKi3djlERFc3lY4_38LczpXy7iy0qCZ55CZ47KSvwlkClYLtJibylVyfYuS0pjHhjTLKNQE7_AWuM3oN8w4KobNN045U_GupyTgSHATeQpr2bkGed_FO_sxk-gBPPFm4QJwx8bCKgDPQkdsG4mpu4iQIRP-ndZ-edJJmNoOW3yZ88LszJ3zGlzCvQ2MSShYilBgbmvmGCG6m1887bWd-OVqEoCqeKeeIGXVqCdyf0tm_2BboeCSTYOM2MK2zsXZ7TV-oeEsqjajU2teqWmO6orn-E.qbYhgQe2tDiTOnUkiicTmgK4HBo_QumeVipvm6zxHIw&dib_tag=se&keywords=edurino+ollie+figur&nsdOptOutParam=true&qid=1731608511&sprefix=edurino+olli%2Caps%2C112&sr=8-6
023a29b9d0fc486e0fd98e75b35f5d1238c8a189		Decathlon	2024-11-25T10:31:25.125	Boxing Gloves Red	1	true	false	19.95	https://screenshot.googleplex.com/9EwD4LrfbFaZ6Hm	https://www.decathlon.de/p/mp/lnx/boxhandschuhe-kinder-little-ninja-6oz/_/R-p-d0ecae8d-b5cb-48f7-b65f-f5b0afa5e3e5?mc=d0ecae8d-b5cb-48f7-b65f-f5b0afa5e3e5_c1c14&c=schwarz_rot
0597523dd5b6bc14c79e4883304965afac5808f2		Amazon	2024-11-25T19:57:48.981	Winged Purple Unicorn Figurine	1	true	false	16.99	https://screenshot.googleplex.com/7RVYZEt6DmZkygY	https://www.amazon.de/Schleich-70579-Sternen-Pegasus-Stute/dp/B07G9ZX5CZ/ref=sr_1_19?__mk_de_DE=%C3%85M%C3%85%C5%BD%C3%95%C3%91&crid=211H1M817OPK8&dib=eyJ2IjoiMSJ9.87y-Fmwq6wfcVZoqEPnJyQpmuRIyuaOFAYDYfs5iNY30vE9VKZxtscY57aw9Iralp55Sd2tRa7jVne7SJuT2sMH9UZiZ8o2nUutSfltbXBChgKVWyXGwuVOKakDe2ZWVqlCNgrWTJ2D_Rn0l7lzU2V3o3QpWMAr0fe99Xq1Idl3K2mvgFuSh_c1se8cxxKb86BY_-sthfwJjPEGZlhSUZEM-w9JKp5axZh4pDQvfle5e8wE8aQ9dTlVpz6fUdct_UpZtli0OxaShFi3CKnoPTmSC-bQa8zgYIl2FnCyRsdk.cYlbLSwDLqE107cJ5kKtlPtD4eIXzoaeylkje1BsEi0&dib_tag=se&keywords=einhorn+schleich+set&nsdOptOutParam=true&qid=1731612408&sprefix=einhorn+schleich+set%2Caps%2C144&sr=8-19
078e4a7dcbf38c7b327b8bd10c6164efa3a8cd89		Amazon	2024-11-25T10:17:24.654	Winged Unicorn Figurine	1	true	false	16.99	https://screenshot.googleplex.com/TGvr5wAHWDpYqHR	https://www.amazon.de/SCHLEICH-70576-Einhorn-Regenbogen-Mehrfarbig/dp/B09JPFXDML/ref=sr_1_6?dib=eyJ2IjoiMSJ9.q_QVbPVkU0jVl4Vu3mNWsAV3LE_r0qcreuhgbSpCkEpnl4dfgM5PsREBNt8GABSR89xWNI7m9vTZSOjoSR9c6PVZ5Cw4YlQqL_yiGTJ4ehlfEHL5qREe777S1gFppReaKYiwRDd2GWtlOIu2Upf2E706Svtfn5yF3yPpDdHe2awsJOo_3oNVEtCHXnTqVWAbWv6Oc8NkBbn5Qr3GhlClPrvNN-wCLj8i4FLhcscR08SpZeE2Yp1vHMesUOOq5v4ifVixwOAjzj--KOzV4f2ycLBdmySmsU2p1jn6Kc8UI6E.piGBz3XdmqE728qar3gK9ahEyTKLwDt7yhgCO_l65uU&dib_tag=se&keywords=einhorn%2Bschleich&nsdOptOutParam=true&qid=1731612282&sr=8-6&th=1
08d43fffc5f616c872f19dbb85b04914b08b3e53		Amazon	2024-11-25T12:32:17.908	Top Model coloring book	1	true	true	14.86	https://screenshot.googleplex.com/7eshss9fxdo8r2y	https://www.amazon.de/Depesche-12227-TOPModel-Dance-Model-Motiven/dp/B0BHZDF3D3/ref=sr_1_49_mod_primary_new?__mk_de_DE=%C3%85M%C3%85%C5%BD%C3%95%C3%91&crid=1OQ5CP92FDCF2&dib=eyJ2IjoiMSJ9.78WT0Km0NBoSdI3GCo27oig3s01WtzBBl_oA01HWLMqE7YbL2Ta0ouJfqpye7z4lJGbzpZq6TG-JHo_FnoG6Td9w9JqGzhPFYC8CekRVKC7HQk0NLr_592bE-x2OCELqvoD37B6WN5Axb-UhUM8B4yIvMoNdceN5nY8ZNI7GEmi_fTr5Q26QHZRd7sttBA1ubUEzqfdrHW_OMxP6LE6rT7ovXOB_GGecEOHO19y45RlGqp7FqCBgIUMYh53LFYcElldvKAbPHY3_y9vQ7Ef-gOPFXH_JUR5X6X0tcJOhM6o.4FQY49ZDOfbyKTFyetLcxsi66iO4ujC5BBcoxtOCYuc&dib_tag=se&keywords=TOP+Model+set&qid=1729860370&sbo=RZvfv%2F%2FHxDF%2BO5021pAnSA%3D%3D&sprefix=top+model+set%2Caps%2C123&sr=8-49
0a80dbd681ee936552ee9195a7750d1453cdaa7f		Amazon	2024-11-29T14:08:12.103	Beyblade Set	1	true	true	17.99	https://screenshot.googleplex.com/C8L8JpQ6ob8RTsU	https://www.amazon.de/Acebwhtoy-Kampfkreisel-Weihnachten-Geburtstag-Jugendliche/dp/B0C7KJNQR3/ref=sr_1_9?__mk_de_DE=%C3%85M%C3%85%C5%BD%C3%95%C3%91&crid=2MGT0EE0MYL61&dib=eyJ2IjoiMSJ9.Pb44-jejIL4v5JjFZJxS5ux-U8SYTEi9ni9VQ-ZuH1ZedfXJaib2Y5CUzs0QKIsN7CZXBubD1hSsm0afvZo2NoXYYSINgXKcLhEctfntipK6x4yC-hug1dh_irquv2aHlYp_UpyRXXd0CIC1HnSly2qfOEGw70T8Q-OhYEfNY6Ee9xJK0llv0tbGOKFJ9tANl1lFxf3MhXYzQZLyiK8oZMSyx053cr4r0MQPNpkqsubl0l_e7j9iJeiiiA6l9-7MQAh-Xp6sKuUI82kXu9Sj_qHrnk7U7UrdKEQBrnv31k0.gcL_LxKi29H4cSIpctL_IBlEzWAhsbjRXhMjU_ZLAJ0&dib_tag=se&keywords=beyblade&qid=1731613385&s=toys&sprefix=bexblade%2Ctoys%2C120&sr=1-9&th=1
0b8082c28860c819148cd2eb3ce88efbacfc077c		Amazon	2024-11-25T17:23:46.291	Unicorn Figurine Set	1	true	false	14.99	https://screenshot.googleplex.com/icP5ehoQJkRhbHx	https://www.amazon.de/SCHLEICH-Spielfigur-Regenbogeneinhorn-Hengst-Mehrfarbig/dp/B09DQ7237W/ref=sr_1_1_sspa?dib=eyJ2IjoiMSJ9.q_QVbPVkU0jVl4Vu3mNWsAV3LE_r0qcreuhgbSpCkEpnl4dfgM5PsREBNt8GABSR89xWNI7m9vTZSOjoSR9c6PVZ5Cw4YlQqL_yiGTJ4ehlfEHL5qREe777S1gFppReaKYiwRDd2GWtlOIu2Upf2E706Svtfn5yF3yPpDdHe2awsJOo_3oNVEtCHXnTqVWAbWv6Oc8NkBbn5Qr3GhlClPrvNN-wCLj8i4FLhcscR08SpZeE2Yp1vHMesUOOq5v4ifVixwOAjzj--KOzV4f2ycLBdmySmsU2p1jn6Kc8UI6E.piGBz3XdmqE728qar3gK9ahEyTKLwDt7yhgCO_l65uU&dib_tag=se&keywords=einhorn%2Bschleich&nsdOptOutParam=true&qid=1731612282&sr=8-1-spons&sp_csd=d2lkZ2V0TmFtZT1zcF9hdGY&th=1
0d0405cc8f392e603ddce49c38830ec78d8bbd2f		Amazon	2024-11-25T09:58:02.465	Makeup Set	1	false	false	11.99	https://screenshot.googleplex.com/6wKL83UVSMDsavZ	https://www.amazon.de/dp/B08CLQCRLP/ref=sspa_dk_detail_0?psc=1&pd_rd_i=B08CLQCRLP&pd_rd_w=dBe0G&content-id=amzn1.sym.d9f88fbb-7ec7-4155-9602-43fd71456ba4&pf_rd_p=d9f88fbb-7ec7-4155-9602-43fd71456ba4&pf_rd_r=WC9P039JWH92GB6NJNF2&pd_rd_wg=GFr9B&pd_rd_r=8b29a8ff-56d4-4397-ad29-a84a57e17ea2&s=toys&sp_csd=d2lkZ2V0TmFtZT1zcF9kZXRhaWxfdGhlbWF0aWM
13d8f8ec7e2045c904844fac1bab5be694a9813a		Amazon	2024-11-26T11:15:21.491	Tamagotchi Box	1	true	false	13.99	https://screenshot.googleplex.com/7XP7YWDTLvk9uBZ	https://www.amazon.de/Meetikar-Elektronisches-Handschlaufe-Bildschirmschutz-Schl%C3%BCsselband/dp/B0CZF64M3Z/ref=sr_1_1_sspa?crid=1T3XXG8342MB&dib=eyJ2IjoiMSJ9.BtdjKlXI4QDI0Jjhcvaj9QcvM9amOf3CGY1YQFo9QQR95OAvBzjRf6AjBFLqYUXPh-c7d7fWmWD8A1vxu8v4nLW2kZn2kM65VGg_LQKzEpovH-gjcnLgKrSbFJaHyt7KZ4fIvnwO8ySSfKmvLvckEwX8Yd7I3218pnMP8ME02O6JQi_iRjd18QzOjNLB8rCBEX_Ms24OS2e23Ws8xNz-pfJwP50olpTpNzAnt4E7PLL_wc9WX8jcTQGZf5lIOE28glPhGB-4LmWkt73wbelRmky8X73vIcqaYd4mEKgXsaE.hE8Dx75N4WuK8y8bTgzDsS406du-YWhYxRYixzRFjiI&dib_tag=se&keywords=tamagotchi+original&nsdOptOutParam=true&qid=1731612926&s=toys&sprefix=tamagotsch%2Ctoys%2C123&sr=1-1-spons&sp_csd=d2lkZ2V0TmFtZT1zcF9hdGY&psc=1
15bbc43cc50c1010a9174af34e574829faa8184d		Amazon	2024-11-25T09:47:38.118	Transformer Figurine	1	true	false	24.99	https://screenshot.googleplex.com/ATz3FZ9faehS9W5	https://www.amazon.de/Transformers-F86945X1-MV8-Prime-Changer/dp/B0CP66TXLC/ref=sr_1_6?dib=eyJ2IjoiMSJ9.DxkHZ81AB4zFEdmskcS7v9T4ouxYPTWZbfrQ6dGkIL7IVzj9ffq7NsNRVZTyjXV7xlCjM6Ied_9eicfV8FRXSrhXgv9Zwu3zVInHGtZ2oJsLkXIzlfCJgDyfI9WyQbMd7db8xOkWCDMrvJ3-kxraELwgeSngafISorn3WLe3K7qmMK7TmPQbOv76hZgc3uPpAew5DcYLksrUpzFa151GkOqFM3vMdhGFFIoaP8LcFA8.B7_WT4s4J2Gcr8hlKAiffJebtgpdYI1ace4EBaOHsSE&dib_tag=se&keywords=transformers&qid=1731613691&sr=8-6
15c780ab933aebeeb4c60216733cc631a2aa8c67		Amazon	2024-11-25T09:55:54.892	Skateboard	1	false	false	29.99	https://screenshot.googleplex.com/34YSxXxmnNFFiSi	https://www.amazon.de/dp/B098R3LFKB/ref=sspa_dk_detail_2?pd_rd_i=B098R3LFKB&pd_rd_w=DSZbr&content-id=amzn1.sym.d9f88fbb-7ec7-4155-9602-43fd71456ba4&pf_rd_p=d9f88fbb-7ec7-4155-9602-43fd71456ba4&pf_rd_r=YYQK35FCSMNW7E0JBHPG&pd_rd_wg=SFSY5&pd_rd_r=6757360c-fb6a-4f7b-a62b-316db4a56e88&s=sports&sp_csd=d2lkZ2V0TmFtZT1zcF9kZXRhaWxfdGhlbWF0aWM&th=1
16670988a784126e991561368cc50ac27413e9aa		Amazon	2024-11-25T10:06:20.269	RC Car	1	true	false	21.99	https://screenshot.googleplex.com/9hwmhPHrwoMfdWM	https://www.amazon.de/Mieryd-Ferngesteuertes-Kinder-Drau%C3%9Fen-Drinnen/dp/B0CXJ58MD3/ref=sr_1_23?crid=2NK49WYANPHVH&dib=eyJ2IjoiMSJ9.XisK6GSTVGHnL7KoeKPnuPgGV45wKwMKuMw2zY8hUyFv1jPyd4tnnXphcQvylCxAhL3kBI2LNOs1ovnFxsTcLb6g4FOZ2ch1JHGTCx4lYQw3KoRFaM2CBJhZPFnUPcPD7BAY5Y8WiI3eFiCRhDnNrHrYgvWjHOU35ifZ4LK6UCl1t1xQggEXR02Yb9cKe85pGbIEDgb1WAO9X5AByZ3bYkJ3kCvIqLaULse3SRry_16fDOekL682DLui3ayEq5NVtYyG9LW3N21kxOgjbfmwFhqVmOV79e5FLQbC5W0nCI0.aCSVToJa_ih5GRS3RhHuhUAczGhY6kg-cgqVjWufRKI&dib_tag=se&keywords=rennauto%2Bferngesteuert&qid=1731613940&sprefix=rennauto%2Caps%2C110&sr=8-23&th=1
1712aa2a2e6765de6363f5f8b9bb148ecb53664a		Amazon	2024-11-25T10:36:15.536	Tamagotchi Box	1	true	false	13.99	https://screenshot.googleplex.com/5o8JK7TPrPsT2Yp	https://www.amazon.de/Meetikar-Elektronisches-Handschlaufe-Bildschirmschutz-Schl%C3%BCsselband/dp/B0CZF62LHV/ref=sr_1_1_sspa?crid=1T3XXG8342MB&dib=eyJ2IjoiMSJ9.BtdjKlXI4QDI0Jjhcvaj9QcvM9amOf3CGY1YQFo9QQR95OAvBzjRf6AjBFLqYUXPh-c7d7fWmWD8A1vxu8v4nLW2kZn2kM65VGg_LQKzEpovH-gjcnLgKrSbFJaHyt7KZ4fIvnwO8ySSfKmvLvckEwX8Yd7I3218pnMP8ME02O6JQi_iRjd18QzOjNLB8rCBEX_Ms24OS2e23Ws8xNz-pfJwP50olpTpNzAnt4E7PLL_wc9WX8jcTQGZf5lIOE28glPhGB-4LmWkt73wbelRmky8X73vIcqaYd4mEKgXsaE.hE8Dx75N4WuK8y8bTgzDsS406du-YWhYxRYixzRFjiI&dib_tag=se&keywords=tamagotchi%2Boriginal&nsdOptOutParam=true&qid=1731612926&s=toys&sprefix=tamagotsch%2Ctoys%2C123&sr=1-1-spons&sp_csd=d2lkZ2V0TmFtZT1zcF9hdGY&th=1
1a9436014856a621913cadece6b09f336b606dc1		Amazon	2024-11-27T04:39:26.695	RC Car	1	false	true	24.99	https://screenshot.googleplex.com/7GSPKoNFDHnJfxt	https://www.amazon.de/DEERC-DE87-Ferngesteuertes-%C3%9Cberschl%C3%A4ge-Weihnachten/dp/B0C7BP4H2V/ref=sr_1_29?crid=2NK49WYANPHVH&dib=eyJ2IjoiMSJ9.XisK6GSTVGHnL7KoeKPnuPgGV45wKwMKuMw2zY8hUyFv1jPyd4tnnXphcQvylCxAhL3kBI2LNOs1ovnFxsTcLb6g4FOZ2ch1JHGTCx4lYQw3KoRFaM2CBJhZPFnUPcPD7BAY5Y8WiI3eFiCRhDnNrHrYgvWjHOU35ifZ4LK6UCl1t1xQggEXR02Yb9cKe85pGbIEDgb1WAO9X5AByZ3bYkJ3kCvIqLaULse3SRry_16fDOekL682DLui3ayEq5NVtYyG9LW3N21kxOgjbfmwFhqVmOV79e5FLQbC5W0nCI0.aCSVToJa_ih5GRS3RhHuhUAczGhY6kg-cgqVjWufRKI&dib_tag=se&keywords=rennauto%2Bferngesteuert&qid=1731613940&sprefix=rennauto%2Caps%2C110&sr=8-29&th=1
1b7efb558d39afa3f2e0df5fc74ca33610d6eb9b		Amazon	2024-11-25T10:20:22.600	Mermaid Doll	1	false	false	14.99	https://screenshot.googleplex.com/BgtnMCtC8Kiws7o	https://www.amazon.de/L-L-Surprise-Tweens-Farbwechselndem/dp/B0CRWRXLBR/ref=sr_1_11?__mk_de_DE=%C3%85M%C3%85%C5%BD%C3%95%C3%91&crid=32JSBSUECK6TD&dib=eyJ2IjoiMSJ9.b3uZ73hfI0zQitnG0AhUYN0A1OT23VB0z1vxaRmz8dO4AK37vxWwgOaMZdi1Ba8-SLBiYEcvq0dRoMP_M4SFhqDSf5p3xQdRW1QwWWtxaEk543sfYxR0X7BWmSGcTLEgsW4iKANAoiFM4t3KRQISiMlJc2jVS4c4jILgVfwMbgA8pHDSQhfz3OXOCA9G1WPTNxbxgPFMKDYcowpE-TUvSMfDPlwZjU2nvwFDf2ZYMY0.4BcWeM8-yxSnvJnKu7QGirwPHFCXY1qpf5gVdTg3pu8&dib_tag=se&keywords=lol&qid=1729773456&sprefix=lol+%2Caps%2C134&sr=8-11
1e7ce0e35ecd4c7173b54609b758d4fa22ca1f15		Amazon	2024-12-04T09:29:54.481	Tamagotchi	1	true	true	24.43	https://screenshot.googleplex.com/8nmY8cBY9ryAFdk	https://www.amazon.de/Bandai-Tamagotchi-Original-virtuelles-elektronisches/dp/B0BN8GMQFN/ref=sr_1_7?crid=1T3XXG8342MB&dib=eyJ2IjoiMSJ9.BtdjKlXI4QDI0Jjhcvaj9QcvM9amOf3CGY1YQFo9QQR95OAvBzjRf6AjBFLqYUXPh-c7d7fWmWD8A1vxu8v4nLW2kZn2kM65VGg_LQKzEpovH-gjcnLgKrSbFJaHyt7KZ4fIvnwO8ySSfKmvLvckEwX8Yd7I3218pnMP8ME02O6JQi_iRjd18QzOjNLB8rCBEX_Ms24OS2e23Ws8xNz-pfJwP50olpTpNzAnt4E7PLL_wc9WX8jcTQGZf5lIOE28glPhGB-4LmWkt73wbelRmky8X73vIcqaYd4mEKgXsaE.hE8Dx75N4WuK8y8bTgzDsS406du-YWhYxRYixzRFjiI&dib_tag=se&keywords=tamagotchi+original&nsdOptOutParam=true&qid=1731612926&s=toys&sprefix=tamagotsch%2Ctoys%2C123&sr=1-7
1f600276894977cd492d2200e1b7fa808b04c026		Amazon	2024-11-25T10:22:55.831	Tonies	1	false	false	34.99	https://screenshot.googleplex.com/9vbqCjFt5WVsyVA	https://www.amazon.de/tonies-H%C3%B6rSpiel-Transporter-Regenbogen-Transporttasche-Lautsprecher%C3%B6ffnung/dp/B0BSLM4H8G/ref=sr_1_10?__mk_de_DE=%C3%85M%C3%85%C5%BD%C3%95%C3%91&crid=3I5Z8CPL2OSKH&dib=eyJ2IjoiMSJ9.xQwVuUsAy_VeZqVcYX-j-POMBGncLpKFSkNqd4EJAWKndQZvPQduS5Npmsa7XZmKqEX3KuXGCxfitROPI1yrBWc49FxXhOXOiFBJ2PPUkMVam44dWv2u1H3DeBzTsnDnITbw7KKwjD6zanjgH5V0ruw9epMbLW3f9KcCqou4CcBHhBpf9KRIyxU_ydnDjQ9V5iXJ1wnmWHi_11hqYnQAjtLLeyLqhQ38Z9C3ev4-RfaRHO6CELUidMnxJ8cnJfyiTG8HKufqkLWzGWTS3Gew019JkWM4QLfodbg3XPiU_IQ.f0vn40Cf3HoNtAMPCMS5orB7NtsgfSox-mGAS8KD5PI&dib_tag=se&keywords=toni%2Btasche&qid=1731611347&s=toys&sprefix=toni%2Btasche%2Ctoys%2C111&sr=1-10&th=1
25583ba10db7bc3a06cbd70ec889522d5fd4a9c7		Amazon	2024-11-25T13:55:11.977	New Era Basecap Black	1	true	false	22.00	https://screenshot.googleplex.com/626tKmg4e3jzYpf	https://www.amazon.de/New-Era-Flawless-Basic-11198849/dp/B0141D0T0C/ref=sr_1_8?dib=eyJ2IjoiMSJ9._-GTOXGyWkXAPnHn3ahmUGyFRIe7XOktQ_iILXDlVmDsLJdeSLUtbgAAWa1sZpRMu6s1ajfFkQi3KS6dMXis3MkB9R_PsR47aaa3mqy3EDWQx24UpIp403SxEjDYGSKGrqyieLorEb93grwgNsK0eQsu1baN5aMCKkZVkpLdwOzIj8SHtt33sDNeRzSmj2CfcUJGfv9HjS2RaDUWuHyY8ObTm3j-OCcQenflOeSqhWLnvSdrQR2XBZqiWY_ip2fuKKG9rEJbBIe6sWQsXScCeCpY9QBrqsJOS-EHnNKRpfc.pnTyfplfhV4aQybUNS5YYtBquun-RviuNJ1MBpwlQlg&dib_tag=se&keywords=cape%2Bnike&nsdOptOutParam=true&qid=1731612627&sr=8-8&th=1&psc=1
2684b11a4ec0b49e1b5bddca7ad5438f81d9e4c7		Amazon	2024-12-02T16:19:17.635	Disney Princess Doll	1	true	false	14.99	https://screenshot.googleplex.com/wpc4kd99SY4kyGW	https://www.amazon.de/Disney-Princess-HLW11-Prinzessin-Spielzeug-Belle-Modepuppe/dp/B0B29Z4RW7?psc=1&pd_rd_w=csRYJ&content-id=amzn1.sym.e5dbb0fd-6936-4959-a333-4001219ba88e&pf_rd_p=e5dbb0fd-6936-4959-a333-4001219ba88e&pf_rd_r=6MXW1BZQBQE3AE4S8HVN&pd_rd_wg=ia1iG&pd_rd_r=d233d325-771e-4053-a4fa-b9d8bdfb6d70&ref_=sspa_dk_detail_img_2&sp_csd=d2lkZ2V0TmFtZT1zcF9kZXRhaWxfdGhlbWF0aWM=
27bb516d2896bd79568847b1730cb38daf617850		Amazon	2024-12-02T12:42:02.444	Gabis Dollhouse	1	false	false	29.98	https://screenshot.googleplex.com/3nj6wzvwkTDahmb	https://www.amazon.de/Gabbys-Dollhouse-Feature-Mercat-Pl%C3%BCsch/dp/B0B9YX4M6H/ref=sr_1_5?dib=eyJ2IjoiMSJ9.r5lGBiuvjKdo8LIhyGYRRYTttMNmGJs2PsCtRvmYP7BOu47a64XHTqxz7PNK3bFb7JAorV_Pyf_vR9Ly4hzOzfqW_nJ3SG99vgYueNEUz1I.bqYFL0k7K2-6Q3xfv78sQj8adtdt0FX3ztk8UIOTZB4&dib_tag=se&keywords=interaktives+meerk%C3%A4tzchen+pl%C3%BCsch&nsdOptOutParam=true&qid=1731608398&sr=8-5
2ab70b229df537f034d8784e384e7fc2cbf911d1		Amazon	2024-11-25T10:34:20.165	Transformer Figurine	1	false	false	24.99	https://screenshot.googleplex.com/3Qiwy4bvcU6tiHw	https://www.amazon.de/Transformers-Prime-Changer-Alpha-Action-Figur/dp/B0CHXHXR6N/ref=pd_bxgy_thbs_d_sccl_2/258-3479120-4969848?pd_rd_w=zHdKE&content-id=amzn1.sym.5eda1a26-aae5-46aa-95ea-198f43dc011e&pf_rd_p=5eda1a26-aae5-46aa-95ea-198f43dc011e&pf_rd_r=3YVK3RSRRAPRA1MXHXQC&pd_rd_wg=uIfJP&pd_rd_r=b52de8c3-441b-49f5-84c2-af545293ee96&pd_rd_i=B0CHXHXR6N&psc=1
2c2e512241d63485b9a2d5738c9fbc71933000c6		Amazon	2024-11-25T11:00:23.313	Matchbox Cars	1	false	false	22.99	https://screenshot.googleplex.com/4VJqLhxbuyZ36pH	https://www.amazon.de/MATCHBOX-Geschenkset-Die-Cast-Fahrzeuge-stundenlangen-exklusivem/dp/B006UD2RB6/ref=sr_1_5_mod_primary_new?crid=1Z6EXD22HEQO6&dib=eyJ2IjoiMSJ9.JxSfDzlpops_chvJU71CV3pZKAp49CXHAFdIKWtIOH9vwEgAR0ly71MdPv3Hl4ocK0OzzcMIJqpNk_fB1CXGEmrsGWKdInhnsSg5sFg5CRlZH-xCASUdQ-dgefkb5cAnlaTjVZWm-gW4BcpADzEUtQmi2Z7GsoN3vayBnJH7CmGj5400O5TW62MQTl2HPag7ctLy_8BPdCEJQ1uHcPLFaE01ZFuVTJRzXxQNDmR7HwnI3HaykDqm0EHOxqLhFaO9wjz_m9Zohx0ztrNyfVG4smLmJcCz4ZRVt3DHegKV7Qo.O7KhJ2viTZWzPSNvaCBHoxndG_U5At5iurvfNkS9rtg&dib_tag=se&keywords=matchbox%2Bauto%2Bset&qid=1729858755&sbo=RZvfv%2F%2FHxDF%2BO5021pAnSA%3D%3D&sprefix=matchbox%2Bauto%2Caps%2C121&sr=8-5&th=1
2d37bf5a94a6d1b723ed653cf22c3d5f53bc0bbb		Decathlon	2024-11-29T12:20:54.806	Boxing Gloves Blue	1	false	false	19.95	https://screenshot.googleplex.com/5QVwAuyqw4Rdp44	https://www.decathlon.de/p/mp/lnx/boxhandschuhe-kinder-little-ninja-6oz/_/R-p-d0ecae8d-b5cb-48f7-b65f-f5b0afa5e3e5?mc=d0ecae8d-b5cb-48f7-b65f-f5b0afa5e3e5_c1c14&c=schwarz_rot
323359c19a3cb7d977a18129e2345543159b0936		Amazon	2024-11-25T09:11:19.331	RC Car	1	false	false	41.99	https://screenshot.googleplex.com/SAU2LosrfzbGjtR	https://www.amazon.de/MOJINO-Ferngesteuertes-12Jahre-Junge-Spielzeug/dp/B0D8VN154C/ref=sr_1_24?crid=2NK49WYANPHVH&dib=eyJ2IjoiMSJ9.XisK6GSTVGHnL7KoeKPnuPgGV45wKwMKuMw2zY8hUyFv1jPyd4tnnXphcQvylCxAhL3kBI2LNOs1ovnFxsTcLb6g4FOZ2ch1JHGTCx4lYQw3KoRFaM2CBJhZPFnUPcPD7BAY5Y8WiI3eFiCRhDnNrHrYgvWjHOU35ifZ4LK6UCl1t1xQggEXR02Yb9cKe85pGbIEDgb1WAO9X5AByZ3bYkJ3kCvIqLaULse3SRry_16fDOekL682DLui3ayEq5NVtYyG9LW3N21kxOgjbfmwFhqVmOV79e5FLQbC5W0nCI0.aCSVToJa_ih5GRS3RhHuhUAczGhY6kg-cgqVjWufRKI&dib_tag=se&keywords=rennauto+ferngesteuert&qid=1731613940&sprefix=rennauto%2Caps%2C110&sr=8-24
36d84d1fc12d0e41fbea50b6d80dd1d1d38bf8db		Amazon	2024-11-25T09:51:37.599	Dino Figurine	1	true	false	22.99	https://screenshot.googleplex.com/9jowKBuMwTstFGS	https://www.amazon.de/dp/B0CPKT6DMD/ref=sspa_dk_detail_2?psc=1&pd_rd_i=B0CPKT6DMD&pd_rd_w=pLYKR&content-id=amzn1.sym.6ffc9ff7-fa31-49da-8594-196e74bcf61e&pf_rd_p=6ffc9ff7-fa31-49da-8594-196e74bcf61e&pf_rd_r=ERPWTJW1XHC614SJJ12M&pd_rd_wg=DFgWk&pd_rd_r=246533b5-e7b4-444a-b09a-a570b8a6c686&s=toys&sp_csd=d2lkZ2V0TmFtZT1zcF9kZXRhaWw
3b7bdee9ca2f0097f65b0becfad594da26f2f0f4			2024-12-04T10:56:11.396	Top model Pencil Case	1	false	true	36.95	https://screenshot.googleplex.com/RrVxfgrJMR99cxY	https://www.amazon.de/Depesche-13149-Wolf-Gef%C3%BCllte-Federtasche-Buntstiften/dp/B0DJ92K5D5/ref=sr_1_5?__mk_de_DE=%C3%85M%C3%85%C5%BD%C3%95%C3%91&crid=3S2Q4IKRC6BRO&dib=eyJ2IjoiMSJ9.wIdoX5SFhRfw7XOHlP4-_NJzu3JuaY347Up1HUE3z2lLiteE7xhXDP4C6fnEQZ6i65Yv5k1guE0z-XC1GbYpy3qkal5P7fpmDyNmkL8QvAiHg39zUCf1ESVKP7CPxGExOz9RsuIsT7QHm8ep7CzZURbvzt4KElmjSAD1WZKxDZxGj0CLQdEK45xVepUEikMLkxCoU_Sl6joU4gKRMosHP75AaAJL1anU45XqvBlVWWYnU6gUQRp9yDBpVOJis4LZ4hAf07AXAjpQG9v_pqTgNSOtXg-ypNXLjbTmr3elvCA.KGCUBUKJfIsrdsIIkEEtLkbnZ5KxBhv4vudLNebZ_VQ&dib_tag=se&keywords=top+model+federm%C3%A4ppchen&nsdOptOutParam=true&qid=1731609755&sprefix=top+model+federm%C3%A4ppchen%2Caps%2C122&sr=8-5
3d424d5601695433935accaab0413dc6b7c73db5		Amazon	2024-11-25T09:39:02.410	Scrabble Board Game	1	true	false	28.99	https://screenshot.googleplex.com/6qwdJY2Vysc5FwC	https://www.amazon.de/Mattel-Games-Y9670-W%C3%B6rterspiel-Kinderspiel/dp/B009NFEYBY/ref=sr_1_3?__mk_de_DE=%C3%85M%C3%85%C5%BD%C3%95%C3%91&crid=1OTI6V5ZGFW60&dib=eyJ2IjoiMSJ9.PXiNw8bPsLeuahnQFy8AgNeHAjFyMapdMjNTNiycyZfQCdr2xUSKChfjijzWlrGLix-57bQ3e-gu1c4iUkmIFAA9y-nCUdXrJq6yj7WX_kio2HJRoz1G_ArYoXAlICf_kJOjny9BdzZ108guwnvREg_bk0sUxSVtiU1a3zYeOT6nDvSxBmg-HLfpWEalRpJuvRyl8ut8yi3dPLGA8fnxNqVZaDPSzgSRSyplcLnqtlSQIMlp8LU_zsW2F0bPYYPQhwIoCjsSK6fRQZx-LjA-tehz1vWkkZ2UX178tZoNNC0.1NlRdZU6Du3q10NJeuABPM2RSyJYbcBnkJ2Y40Njq4A&dib_tag=se&keywords=scrabble+original+deutsch+kids&nsdOptOutParam=true&qid=1731614631&s=toys&sprefix=scrabble+original+deutsch+kids%2Ctoys%2C99&sr=1-3
3fe21c6e2e89c459444b5b58f4be1a0a8ff2a926		Amazon	2024-12-02T09:00:06.987	Squishmallows Michaela	1	true	false	22.22	https://screenshot.googleplex.com/MrVPba7eeWRyJXA	https://www.amazon.de/Squishmallows-SQCR05426-offizielles-superweiches-Kuscheltier/dp/B0CNY2LCVC?pd_rd_w=Zhb92&content-id=amzn1.sym.e5dbb0fd-6936-4959-a333-4001219ba88e&pf_rd_p=e5dbb0fd-6936-4959-a333-4001219ba88e&pf_rd_r=4NGH7KVZ9AW6T1GYWB7K&pd_rd_wg=Rb6fU&pd_rd_r=7bd029b0-4cdb-491a-bbd1-006080ef6716&ref_=sspa_dk_detail_img_1&sp_csd=d2lkZ2V0TmFtZT1zcF9kZXRhaWxfdGhlbWF0aWM&th=1
40e7f4de1e68e1230d4c824cc112ce98c9fc4d21		Amazon	2024-12-02T20:58:56.403	Barbie Mermaid	1	true	false	34.99	https://screenshot.googleplex.com/6JT8HbXb5hcQeBu	https://www.amazon.de/Barbie-GTF89-Regenbogenzauber-Meerjungfrauen-Puppe-Farbwechsel-Funktion/dp/B08J2PP3GF/ref=pd_bxgy_thbs_d_sccl_1/258-3479120-4969848?pd_rd_w=018Gx&content-id=amzn1.sym.5eda1a26-aae5-46aa-95ea-198f43dc011e&pf_rd_p=5eda1a26-aae5-46aa-95ea-198f43dc011e&pf_rd_r=5VTKSN219JGGRRE5STJV&pd_rd_wg=iSrNB&pd_rd_r=b12a058d-e1c6-4832-a4ca-728bf3ae06de&pd_rd_i=B08J2PP3GF&psc=1
445fba984a055b7ba54e6843895986ce7d1c3c57		Amazon	2024-11-27T15:24:02.836	Mini Squishies	1	true	false	24.99	https://screenshot.googleplex.com/8RP8boHfzi578Kk	https://www.amazon.de/dp/B0C7C6GJG7/ref=sspa_dk_detail_0?pd_rd_i=B0C74DLQ8M&pd_rd_w=3SbyZ&content-id=amzn1.sym.6ffc9ff7-fa31-49da-8594-196e74bcf61e&pf_rd_p=6ffc9ff7-fa31-49da-8594-196e74bcf61e&pf_rd_r=VS9F7JPFA858K44JJWJZ&pd_rd_wg=yW6ty&pd_rd_r=46595198-0086-4920-929c-7fd6240bd693&s=toys&sp_csd=d2lkZ2V0TmFtZT1zcF9kZXRhaWw&th=1
486727deb16a8139f6cd9d5874451cef6d576210		Amazon	2024-11-25T09:49:05.722	Table Tennis Rackets	1	false	false	39.99	https://screenshot.googleplex.com/AMHqd2hWuav65jZ	https://www.amazon.de/PRO-SPIN-TTS-400-Tischtennis-Set/dp/B083MT7HBW/ref=sxin_12_pa_sp_search_thematic_sspa?content-id=amzn1.sym.dc942f51-6fb4-4c60-9841-d7d58d59e3c5%3Aamzn1.sym.dc942f51-6fb4-4c60-9841-d7d58d59e3c5&crid=2FNINGP515SC9&cv_ct_cx=tischtennisschl%C3%A4ger&dib=eyJ2IjoiMSJ9.heT0eCQKfXuLZ9uujpXD4_LxQ_4-Qwz7GA0XhCy03NsQwve9mMkecNnWzQPoBnlEiDOQffnKr7SK0DpKqGcHng.M_H-HWm3m6iOmpKiyGMLRge0QAFJwcqVHoVYikzDLNA&dib_tag=se&keywords=tischtennisschl%C3%A4ger&pd_rd_i=B083MT7HBW&pd_rd_r=b2b20176-a77a-421d-bba2-b704bd656fd6&pd_rd_w=UNfZZ&pd_rd_wg=pzORE&pf_rd_p=dc942f51-6fb4-4c60-9841-d7d58d59e3c5&pf_rd_r=F6G3J9SQ8MWDC59HV3EF&qid=1727869662&sbo=RZvfv%2F%2FHxDF%2BO5021pAnSA%3D%3D&sprefix=Tischtenn%2Caps%2C118&sr=1-3-6e6ea531-5af4-4866-af75-1ef299d1c279-spons&sp_csd=d2lkZ2V0TmFtZT1zcF9zZWFyY2hfdGhlbWF0aWM&th=1
4b8c1ff248740ba37d648efea0de3ad5413bb1dc		FC Bayern	2024-11-27T10:19:40.073	FC Bayern Football	1	true	true	23.00	https://screenshot.googleplex.com/3P9gSoi8Ghh8BkC	https://fcbayern.com/store/de-de/p/fussball-home-35819
4d23ae99d3672190f480669dbe53db024b43ffa5		Amazon	2024-12-02T16:29:25.653	Squishmallows Arnel	1	false	false	19.99	https://screenshot.googleplex.com/BzjVB49BS5dLcE8	https://www.amazon.de/dp/B0CVS37LJ4/ref=sspa_dk_detail_3?psc=1&pd_rd_i=B0CVS37LJ4&pd_rd_w=mxfWi&content-id=amzn1.sym.6ffc9ff7-fa31-49da-8594-196e74bcf61e&pf_rd_p=6ffc9ff7-fa31-49da-8594-196e74bcf61e&pf_rd_r=2BJCSWAQY1X2F233ST4R&pd_rd_wg=S4G2t&pd_rd_r=6c307e59-f3ba-4774-ba2f-2cf520f7048e&s=toys&sp_csd=d2lkZ2V0TmFtZT1zcF9kZXRhaWw
4d629d3179fb5aa532eeacc2a53256c95da8a924		Amazon	2024-11-25T17:33:50.026	Edurino Figurine Penguin	1	true	true	24.99	https://screenshot.googleplex.com/8Xyr7yduz2n3sWE	https://www.amazon.de/Edurino-Aufmerksamkeit-Konzentration-aufrechterhalten-Gehirntraining/dp/B0D2HXWY11/ref=sr_1_5?crid=2S6XFKQGLQYWA&dib=eyJ2IjoiMSJ9.AidPxe9p_H069vCwWiHKi3djlERFc3lY4_38LczpXy7iy0qCZ55CZ47KSvwlkClYLtJibylVyfYuS0pjHhjTLKNQE7_AWuM3oN8w4KobNN045U_GupyTgSHATeQpr2bkGed_FO_sxk-gBPPFm4QJwx8bCKgDPQkdsG4mpu4iQIRP-ndZ-edJJmNoOW3yZ88LszJ3zGlzCvQ2MSShYilBgbmvmGCG6m1887bWd-OVqEoCqeKeeIGXVqCdyf0tm_2BboeCSTYOM2MK2zsXZ7TV-oeEsqjajU2teqWmO6orn-E.qbYhgQe2tDiTOnUkiicTmgK4HBo_QumeVipvm6zxHIw&dib_tag=se&keywords=edurino+ollie+figur&nsdOptOutParam=true&qid=1731608511&sprefix=edurino+olli%2Caps%2C112&sr=8-5
4eb75e7ec85fc51da02bbc69f9f47a28dcf06b65		Amazon	2024-12-02T16:11:26.635	Mermaid Doll	1	true	false	14.99	https://screenshot.googleplex.com/Bvgj7tcDknSXgdZ	https://www.amazon.de/L-L-Surprise-Tweens-Farbwechselndem/dp/B0CRWRXLBR/ref=sr_1_11?__mk_de_DE=%C3%85M%C3%85%C5%BD%C3%95%C3%91&crid=32JSBSUECK6TD&dib=eyJ2IjoiMSJ9.b3uZ73hfI0zQitnG0AhUYN0A1OT23VB0z1vxaRmz8dO4AK37vxWwgOaMZdi1Ba8-SLBiYEcvq0dRoMP_M4SFhqDSf5p3xQdRW1QwWWtxaEk543sfYxR0X7BWmSGcTLEgsW4iKANAoiFM4t3KRQISiMlJc2jVS4c4jILgVfwMbgA8pHDSQhfz3OXOCA9G1WPTNxbxgPFMKDYcowpE-TUvSMfDPlwZjU2nvwFDf2ZYMY0.4BcWeM8-yxSnvJnKu7QGirwPHFCXY1qpf5gVdTg3pu8&dib_tag=se&keywords=lol&qid=1729773456&sprefix=lol+%2Caps%2C134&sr=8-11
51bb062fdd0f9e74d9c936b81f4e4775e1f59743		Amazon	2024-12-02T16:36:41.915	Edurino Figurine Bird	1	true	false	24.99	https://screenshot.googleplex.com/5yDVdQeWXyNNsRZ	https://www.amazon.de/Edurino-Innovatives-digitales-Lernspiel-Spielerisches/dp/B07H44RYTZ/ref=sxin_15_pa_sp_search_thematic_sspa?content-id=amzn1.sym.dc942f51-6fb4-4c60-9841-d7d58d59e3c5%3Aamzn1.sym.dc942f51-6fb4-4c60-9841-d7d58d59e3c5&crid=2S6XFKQGLQYWA&cv_ct_cx=edurino+ollie+figur&dib=eyJ2IjoiMSJ9.JCshdd7dNaoYBiwFKgqlww5RXTk438u_mREsoqEEIL-2s6ckRQEVI7Pcsj195qyrQ5WUKMdUsdSfWsHAp7VZyw.49YSw1z8npL5PQEa7ZJvIChiqKXtrZOtyuZ_f64f7Y4&dib_tag=se&keywords=edurino+ollie+figur&nsdOptOutParam=true&pd_rd_i=B07H44RYTZ&pd_rd_r=90f1b9c0-de9d-4fd0-a048-5073ea3b1903&pd_rd_w=bTaHi&pd_rd_wg=eKJL9&pf_rd_p=dc942f51-6fb4-4c60-9841-d7d58d59e3c5&pf_rd_r=5KAFB6EA1M4RPNS4JV3Z&qid=1731608511&sbo=RZvfv%2F%2FHxDF%2BO5021pAnSA%3D%3D&sprefix=edurino+olli%2Caps%2C112&sr=1-4-6e6ea531-5af4-4866-af75-1ef299d1c279-spons&sp_csd=d2lkZ2V0TmFtZT1zcF9zZWFyY2hfdGhlbWF0aWM&psc=1
5302f69a30fcc7d7ec0e48fea6e8f1a0d59ffe28		Amazon	2024-11-25T09:58:51.456	Barbie Accessories	1	true	false	29.99	https://screenshot.googleplex.com/9PqQd8dxVsg2Q3c	https://www.amazon.de/dp/B0CG5FVTV1/ref=syn_sd_onsite_desktop_0?ie=UTF8&psc=1&pd_rd_plhdr=t&aref=5ObjiU5sdZ
557ddfe550e87db46bf2869880d19109c7f501f0		Amazon	2024-12-02T12:43:02.166	Squishy Unicorn Happy Birthday	1	true	false	17.99	https://screenshot.googleplex.com/6MnNggPdh7MbsfF	https://www.amazon.de/dp/B0D3DW47ZT/ref=sspa_dk_detail_2?psc=1&pd_rd_i=B0D3DW47ZT&pd_rd_w=aOA6a&content-id=amzn1.sym.8e111585-a10f-40a4-b92c-c1e3c49654ce&pf_rd_p=8e111585-a10f-40a4-b92c-c1e3c49654ce&pf_rd_r=1WWX1ZQ1V9SAGCJNPWWN&pd_rd_wg=RaJXX&pd_rd_r=54f8de5d-92aa-44ac-b52b-0e1141d36b53&s=toys&sp_csd=d2lkZ2V0TmFtZT1zcF9kZXRhaWwy
57f3611c95cab0b33d16254d6342ec001ba09a43		Decathlon	2024-11-25T19:59:32.913	RDX Sports	1	false	false	38.99	https://screenshot.googleplex.com/4kUTNwgNLZgzUDN	https://www.decathlon.de/p/mp/rdx-sports/rdx-boxhandschuhe-fuer-kinder/_/R-p-ebdd9bed-0ceb-448c-9f37-a4abba9f83bd?mc=ebdd9bed-0ceb-448c-9f37-a4abba9f83bd_c1c4c1
5ac4a7470bc5a9c609b44747b133b67bb562d4d5		Amazon	2024-12-02T16:14:42.186	Tonies	1	true	false	34.99	https://screenshot.googleplex.com/3q7v7ufbZsds7GX	https://www.amazon.de/tonies-H%C3%B6rSpiel-Transporter-Regenbogen-Transporttasche-Lautsprecher%C3%B6ffnung/dp/B0BSLNFTZC/ref=sr_1_10?__mk_de_DE=%C3%85M%C3%85%C5%BD%C3%95%C3%91&crid=3I5Z8CPL2OSKH&dib=eyJ2IjoiMSJ9.xQwVuUsAy_VeZqVcYX-j-POMBGncLpKFSkNqd4EJAWKndQZvPQduS5Npmsa7XZmKqEX3KuXGCxfitROPI1yrBWc49FxXhOXOiFBJ2PPUkMVam44dWv2u1H3DeBzTsnDnITbw7KKwjD6zanjgH5V0ruw9epMbLW3f9KcCqou4CcBHhBpf9KRIyxU_ydnDjQ9V5iXJ1wnmWHi_11hqYnQAjtLLeyLqhQ38Z9C3ev4-RfaRHO6CELUidMnxJ8cnJfyiTG8HKufqkLWzGWTS3Gew019JkWM4QLfodbg3XPiU_IQ.f0vn40Cf3HoNtAMPCMS5orB7NtsgfSox-mGAS8KD5PI&dib_tag=se&keywords=toni%2Btasche&qid=1731611347&s=toys&sprefix=toni%2Btasche%2Ctoys%2C111&sr=1-10&th=1
6392b068e6bd0c0a0be1590030f6356dc3b890ad			2024-11-27T12:42:15.788	Barbie with Unicorn	1	false	true	34.99	https://screenshot.googleplex.com/seeaoraT62sgAvL	https://www.amazon.de/BARBIE-verborgener-Zauber-Einhorn-Stirnband-Einhorn-Schwanz/dp/B0CB6KW16J/ref=sr_1_1?__mk_de_DE=%C3%85M%C3%85%C5%BD%C3%95%C3%91&crid=1QAKOY0WSJ6T1&dib=eyJ2IjoiMSJ9.Wf4SyNPmVj7PmZLuLhV-u5DSAVxlgT-hvjCQdj5T7WGeB5gp5Ei4_MsZsRbSiwkw3HzBmC0ZdVd0ivU4WOZTrNFgakOEaIFH0U1aG4swJ7cOkpxrrWKXzUcOvnfKIXA_02PW_6DVykGXrgwhbdmGqMb7S7NNuCBTvYUQi8Id96zZkCp-TckMQwwe4thb9axtyozA8ZDM5gRwZKTNGkmDd8xxco_ie821R88qhWDJJdg4waxWAFgOfxDT8Ww3Et6VNYY_E1VtgVBrJoDtAcdZ8AI0v_uMNKWp0cVGCuGG-Fs.S3yVOqj2-5ssWtAwuQtyAMRrAjxqdvPkdxmr1ToYs3M&dib_tag=se&keywords=barbie+saphire+puppe&nsdOptOutParam=true&qid=1731611800&s=toys&sprefix=barbie+saphire+pupp%2Ctoys%2C99&sr=1-1
71f361a9523834f26daa2dff7653e0000821d1b7		Amazon	2024-12-02T16:05:49.985	Beyblade Set	1	false	false	19.99	https://screenshot.googleplex.com/5MTZFchz93avhAp	https://www.amazon.de/Beyblade-Viper-5-80O-Sword-Kreisel/dp/B0CVNGTDRC/ref=sr_1_6?__mk_de_DE=%C3%85M%C3%85%C5%BD%C3%95%C3%91&crid=2MGT0EE0MYL61&dib=eyJ2IjoiMSJ9.Pb44-jejIL4v5JjFZJxS5ux-U8SYTEi9ni9VQ-ZuH1ZedfXJaib2Y5CUzs0QKIsN7CZXBubD1hSsm0afvZo2NoXYYSINgXKcLhEctfntipK6x4yC-hug1dh_irquv2aHlYp_UpyRXXd0CIC1HnSly2qfOEGw70T8Q-OhYEfNY6Ee9xJK0llv0tbGOKFJ9tANl1lFxf3MhXYzQZLyiK8oZMSyx053cr4r0MQPNpkqsubl0l_e7j9iJeiiiA6l9-7MQAh-Xp6sKuUI82kXu9Sj_qHrnk7U7UrdKEQBrnv31k0.gcL_LxKi29H4cSIpctL_IBlEzWAhsbjRXhMjU_ZLAJ0&dib_tag=se&keywords=beyblade&qid=1731613385&s=toys&sprefix=bexblade%2Ctoys%2C120&sr=1-6
74dfe86ed329528f5a95468696393b82137c3387		Amazon	2024-11-25T20:14:28.133	Board Game	1	false	false	21.99	https://screenshot.googleplex.com/A5HdRZNNW739m2n	https://www.amazon.de/KOSMOS-684334-Schule-magischen-Tiere/dp/B0CSTB3KZF/ref=sr_1_3?crid=1T2CP4TQFEUGG&dib=eyJ2IjoiMSJ9.7fGJECivrfEOTq_xnLS9oPyau3PgxNnz4SCz78z1MMmgiOPs_jIkqjcxTZoctL10fYCnM_Dcqr0E812Upj4MQ5MDdFffhdGoAm9PIlyxYbgUkA0z9bcGDTvaqf2Zv3DOzko4DYRpRhTIoEYY7b__iuaH2aehaheZv0FmV4-UV2XjepQf-05XVojdjkmyCxuKz8ga90iLWomJRqkfK7UzyeYhHBneLrW1MMfeXomdIru72acHSzkrwMU9wked50A-nL_NglFnX9cuCHjBlZgusWHpUjqxZKChaGwHDmdtn5A.QvUUpBu4jVsvqP2ZOAYOBUI5jJcspqVAK4Hm9P3AmQQ&dib_tag=se&keywords=die+schule+der+magischen+tiere+spiel&nsdOptOutParam=true&qid=1731614706&s=toys&sprefix=die+magisc%2Ctoys%2C129&sr=1-3
7cb5617ab6991eb573d87c7f72766b22c04b273e		Amazon	2024-11-29T12:19:30.300	Mermaid Doll	1	true	false	17.99	https://screenshot.googleplex.com/4Asyh4umgFEdupa	https://www.amazon.de/L-L-Surprise-Tweens-Farbwechselndem/dp/B0CRWRXLBR/ref=sr_1_19?__mk_de_DE=%C3%85M%C3%85%C5%BD%C3%95%C3%91&crid=1T9642JIN9XAG&dib=eyJ2IjoiMSJ9.b3uZ73hfI0zQitnG0AhUYNvlyYjtMW78DMC-LBi63OauGg6_wB8S5L7UI90-D40h5X_Rw9KYssYhTEXm-Iap9YK5nKshGuiz8jXEB38RPVGJcfJwvQrEMWD4uD16toor3OowMUdaCo_kFdQ03bIfA7GImWD8H-0C_UbWpYm2aqUQm7f1DwAPbOQ9iVq_O-qKpep7eMJR7V2OXwwkl6-DwOvHZBdVj0N5QKmbL2ToFDA.0HJ1qlHuNu5cr146a7U2Vl3pqk5foNp0PopDAmroQ6U&dib_tag=se&keywords=Lol&qid=1727863420&sprefix=lol%2Caps%2C110&sr=8-19
81cd3826cd43414c614006d28fec2e759f18471f		Amazon	2024-11-25T20:04:26.311	Squishmallows Beula	1	false	false	21.98	https://screenshot.googleplex.com/6ZGuWLCbVFjjdb9	https://www.amazon.de/dp/B0DFH3C21D/ref=sspa_dk_detail_3?psc=1&pd_rd_i=B0DFH3C21D&pd_rd_w=qOJCt&content-id=amzn1.sym.6ffc9ff7-fa31-49da-8594-196e74bcf61e&pf_rd_p=6ffc9ff7-fa31-49da-8594-196e74bcf61e&pf_rd_r=DZQ42KHYFJNNN2YXBEA6&pd_rd_wg=CQ64s&pd_rd_r=56fe8465-f1b4-419b-97ee-4b485745815c&s=toys&sp_csd=d2lkZ2V0TmFtZT1zcF9kZXRhaWw&smid=A21VE1BDONVZHT
833b1bc793c54085b1941f5233f12ce4620a4276		FC Bayern	2024-11-25T09:13:59.529	FC Bayern Baseball Cap	1	true	true	23.00	https://screenshot.googleplex.com/3NqqiJRgrZ2vYT5	https://fcbayern.com/store/de-de/p/baseballcap-35816
8689973b1ed7013bd9e8bf68195d7c5fdfe7e9ed		Amazon	2024-12-02T15:55:56.363	Beyblade Battle Set	1	false	false	49.99	https://screenshot.googleplex.com/5CWM5hbVHGQCwL5	https://www.amazon.de/Beyblade-X-Xtreme-Battle-Set/dp/B0CP66NNKG/ref=sr_1_4?__mk_de_DE=%C3%85M%C3%85%C5%BD%C3%95%C3%91&crid=2MGT0EE0MYL61&dib=eyJ2IjoiMSJ9.Pb44-jejIL4v5JjFZJxS5ux-U8SYTEi9ni9VQ-ZuH1ZedfXJaib2Y5CUzs0QKIsN7CZXBubD1hSsm0afvZo2NoXYYSINgXKcLhEctfntipK6x4yC-hug1dh_irquv2aHlYp_UpyRXXd0CIC1HnSly2qfOEGw70T8Q-OhYEfNY6Ee9xJK0llv0tbGOKFJ9tANl1lFxf3MhXYzQZLyiK8oZMSyx053cr4r0MQPNpkqsubl0l_e7j9iJeiiiA6l9-7MQAh-Xp6sKuUI82kXu9Sj_qHrnk7U7UrdKEQBrnv31k0.gcL_LxKi29H4cSIpctL_IBlEzWAhsbjRXhMjU_ZLAJ0&dib_tag=se&keywords=beyblade&qid=1731613385&s=toys&sprefix=bexblade%2Ctoys%2C120&sr=1-4
896ee5f72f38fe067e5e71970aefb5ca23b5d75b		Amazon	2024-12-02T16:10:56.333	Tamagotchi	1	true	false	24.29	https://screenshot.googleplex.com/9M5oKBHAmen2zMS	https://www.amazon.de/Bandai-Tamagotchi-Original-virtuelles-elektronisches/dp/B0C8J9QK46/ref=sr_1_7?crid=1T3XXG8342MB&dib=eyJ2IjoiMSJ9.BtdjKlXI4QDI0Jjhcvaj9QcvM9amOf3CGY1YQFo9QQR95OAvBzjRf6AjBFLqYUXPh-c7d7fWmWD8A1vxu8v4nLW2kZn2kM65VGg_LQKzEpovH-gjcnLgKrSbFJaHyt7KZ4fIvnwO8ySSfKmvLvckEwX8Yd7I3218pnMP8ME02O6JQi_iRjd18QzOjNLB8rCBEX_Ms24OS2e23Ws8xNz-pfJwP50olpTpNzAnt4E7PLL_wc9WX8jcTQGZf5lIOE28glPhGB-4LmWkt73wbelRmky8X73vIcqaYd4mEKgXsaE.hE8Dx75N4WuK8y8bTgzDsS406du-YWhYxRYixzRFjiI&dib_tag=se&keywords=tamagotchi%2Boriginal&nsdOptOutParam=true&qid=1731612926&s=toys&sprefix=tamagotsch%2Ctoys%2C123&sr=1-7&th=1
8c0702be7920c300135e06d41184c442c24ceb67		Amazon	2024-11-27T13:11:13.840	Transformer Figurine	1	false	false	17.99	https://screenshot.googleplex.com/6Wtmj9DjB6bxTxh	https://www.amazon.de/Transformers-Generations-Action-Figur-Einheitsgr%C3%B6%C3%9Fe-F3012/dp/B09H17DYQR/ref=sr_1_3?dib=eyJ2IjoiMSJ9.DxkHZ81AB4zFEdmskcS7v9T4ouxYPTWZbfrQ6dGkIL7IVzj9ffq7NsNRVZTyjXV7xlCjM6Ied_9eicfV8FRXSrhXgv9Zwu3zVInHGtZ2oJsLkXIzlfCJgDyfI9WyQbMd7db8xOkWCDMrvJ3-kxraELwgeSngafISorn3WLe3K7qmMK7TmPQbOv76hZgc3uPpAew5DcYLksrUpzFa151GkOqFM3vMdhGFFIoaP8LcFA8.B7_WT4s4J2Gcr8hlKAiffJebtgpdYI1ace4EBaOHsSE&dib_tag=se&keywords=transformers&qid=1731613691&sr=8-3
8d61e23975a1f14b20b58bf3751b63aa82f53911		Amazon	null	Edurino Figurine Polar Bear	1	null	true	24.99	https://screenshot.googleplex.com/BnYttCrneHhspy4	https://www.amazon.de/Edurino-Figur-Artenvielfalt-Zusammenh%C3%A4ngen-Nachhaltigkeit/dp/B0CB4SVN6P/ref=sr_1_14?crid=2S6XFKQGLQYWA&dib=eyJ2IjoiMSJ9.AidPxe9p_H069vCwWiHKi3djlERFc3lY4_38LczpXy7iy0qCZ55CZ47KSvwlkClYLtJibylVyfYuS0pjHhjTLKNQE7_AWuM3oN8w4KobNN045U_GupyTgSHATeQpr2bkGed_FO_sxk-gBPPFm4QJwx8bCKgDPQkdsG4mpu4iQIRP-ndZ-edJJmNoOW3yZ88LszJ3zGlzCvQ2MSShYilBgbmvmGCG6m1887bWd-OVqEoCqeKeeIGXVqCdyf0tm_2BboeCSTYOM2MK2zsXZ7TV-oeEsqjajU2teqWmO6orn-E.qbYhgQe2tDiTOnUkiicTmgK4HBo_QumeVipvm6zxHIw&dib_tag=se&keywords=edurino+ollie+figur&nsdOptOutParam=true&qid=1731608511&sprefix=edurino+olli%2Caps%2C112&sr=8-14
9019705997aebf8b91d46f6b9d0e97cd1ace3933		Amazon	2024-12-02T15:56:35.482	Squishmallows Shasta	1	true	false	22.00	https://screenshot.googleplex.com/9N422J5YC97UiNr	https://www.amazon.de/Squishmallows-SQCR05426-offizielles-superweiches-Kuscheltier/dp/B0CNY3NNBT?pd_rd_w=Zhb92&content-id=amzn1.sym.e5dbb0fd-6936-4959-a333-4001219ba88e&pf_rd_p=e5dbb0fd-6936-4959-a333-4001219ba88e&pf_rd_r=4NGH7KVZ9AW6T1GYWB7K&pd_rd_wg=Rb6fU&pd_rd_r=7bd029b0-4cdb-491a-bbd1-006080ef6716&ref_=sspa_dk_detail_img_1&sp_csd=d2lkZ2V0TmFtZT1zcF9kZXRhaWxfdGhlbWF0aWM&th=1
95d66238df00bacb95bdf34232bb9e06ddf71cdb		Decathlon	2024-12-02T16:14:35.580	RDX Sports	1	true	false	38.99	https://screenshot.googleplex.com/ApkDxSmXRGHfDeB	https://www.decathlon.de/p/mp/rdx-sports/rdx-boxhandschuhe-fuer-kinder/_/R-p-ebdd9bed-0ceb-448c-9f37-a4abba9f83bd?mc=ebdd9bed-0ceb-448c-9f37-a4abba9f83bd_c1c4c1
96f3809909805c6da395a0ecfc3bb393126a1598		Amazon	2024-11-26T16:59:06.662	Barbie Mermaid	1	false	true	34.99	https://screenshot.googleplex.com/8vSxPvD2SjkZ4AS	https://www.amazon.de/Barbie-HDJ36-wasseraktivierter-Leuchtfunktion-Jahren/dp/B09BW2RTN8/ref=pd_bxgy_thbs_d_sccl_1/258-3479120-4969848?pd_rd_w=brnyO&content-id=amzn1.sym.5eda1a26-aae5-46aa-95ea-198f43dc011e&pf_rd_p=5eda1a26-aae5-46aa-95ea-198f43dc011e&pf_rd_r=CQ0RCMKW1404F2PXTSSY&pd_rd_wg=aX4vn&pd_rd_r=37305a87-3f09-4ec6-9420-57c9c41dfd97&pd_rd_i=B09BW2RTN8&psc=1
978adccef00a54b5f8d3bed77cbc8a82beccb911		Amazon	2024-12-02T16:42:46.391	New Era Basecap Grey	1	true	false	22.00	https://screenshot.googleplex.com/4euo5owxwThSArK	https://www.amazon.de/New-Era-Flawless-Basic-11198849/dp/B0141D0UMY/ref=sr_1_8?dib=eyJ2IjoiMSJ9._-GTOXGyWkXAPnHn3ahmUGyFRIe7XOktQ_iILXDlVmDsLJdeSLUtbgAAWa1sZpRMu6s1ajfFkQi3KS6dMXis3MkB9R_PsR47aaa3mqy3EDWQx24UpIp403SxEjDYGSKGrqyieLorEb93grwgNsK0eQsu1baN5aMCKkZVkpLdwOzIj8SHtt33sDNeRzSmj2CfcUJGfv9HjS2RaDUWuHyY8ObTm3j-OCcQenflOeSqhWLnvSdrQR2XBZqiWY_ip2fuKKG9rEJbBIe6sWQsXScCeCpY9QBrqsJOS-EHnNKRpfc.pnTyfplfhV4aQybUNS5YYtBquun-RviuNJ1MBpwlQlg&dib_tag=se&keywords=cape+nike&nsdOptOutParam=true&qid=1731612627&sr=8-8
97947d5349eb113987b5b6aa40c47c4b3e20b0e0		Amazon	2024-12-01T22:32:35.751	Mini Squishy Dinos	1	false	false	24.99	https://screenshot.googleplex.com/8huMDTapi97gPPr	https://www.amazon.de/dp/B0C74DLQ8M/ref=sspa_dk_detail_0?pd_rd_i=B0C74DLQ8M&pd_rd_w=3SbyZ&content-id=amzn1.sym.6ffc9ff7-fa31-49da-8594-196e74bcf61e&pf_rd_p=6ffc9ff7-fa31-49da-8594-196e74bcf61e&pf_rd_r=VS9F7JPFA858K44JJWJZ&pd_rd_wg=yW6ty&pd_rd_r=46595198-0086-4920-929c-7fd6240bd693&s=toys&sp_csd=d2lkZ2V0TmFtZT1zcF9kZXRhaWw&th=1
99820b5c1a9c09ddc8d60452b8e0f6319078071b		Amazon	2024-11-25T20:17:51.855	Baby Doll Clothing	1	false	false	19.99	https://screenshot.googleplex.com/6GXD7tDXz9MZHL9	https://www.amazon.de/dp/B0DD6Y2J6B/ref=sspa_dk_detail_2?psc=1&pd_rd_i=B0DD6Y2J6B&pd_rd_w=RFPft&content-id=amzn1.sym.6ffc9ff7-fa31-49da-8594-196e74bcf61e&pf_rd_p=6ffc9ff7-fa31-49da-8594-196e74bcf61e&pf_rd_r=QKX5JHTWDKZ4WNDVD70F&pd_rd_wg=mPZau&pd_rd_r=b1095d87-ca0e-4372-8dc1-ce3728a3b1c2&s=toys&sp_csd=d2lkZ2V0TmFtZT1zcF9kZXRhaWw
9a219a5feda1d495ee2ce29abee39e48684703da		Amazon	2024-11-25T20:00:42.067	Baby Doll Clothing	1	false	false	14.99	https://screenshot.googleplex.com/8uj3vBCe3xiPtxv	https://www.amazon.de/Kleidung-Bekleidung-Outfits-Puppen-35-43/dp/B09PB98MC1/ref=sr_1_10?__mk_de_DE=%C3%85M%C3%85%C5%BD%C3%95%C3%91&crid=2I52RGJQE6JBA&dib=eyJ2IjoiMSJ9.4lyLH8Lnumpq0EKhJmj2R69D_GZDsPCioqkMW7v97XB9tEGgmieCWEgxJ-uDofhOi_AASQjfPatOGNu4Ilo1BnKaN8WXTQujryJobGVJC9vGDDKb9q63ryNTeGKEE6vgNHwCvSMeSHFebEPwK_x3ZNHbKP_Au54bD60FuLwJt7MZY0xMvun_-v10tN-k5cQ_O1tofFu3gfgcIMICkTPlF4fPfJcfchxSTtzwoWMYlncF6MvMb45aMI64h6QaW9yuJ9agb2bPM_MvgO0ZjzGnfCnQR1Z-yXcLTBZ11Jcow-8.gBNVCLaIqWiSdpp6r9g_f8AWQDu2jmW0Q7WdmCT5cuc&dib_tag=se&keywords=puppen%2Bkleidung&qid=1731611029&s=toys&sprefix=puppen%2Bkleidung%2Ctoys%2C111&sr=1-10&th=1
9fbc04ea0b9e5206d7a9ad564e0fd643d73349e4		Amazon	2024-12-03T09:18:24.003	Squishmallows Trenton	1	true	false	22.22	https://screenshot.googleplex.com/6GcFvYVHZD7cwsh	https://www.amazon.de/Squishmallows-SQCR05426-offizielles-superweiches-Kuscheltier/dp/B0CNY538JP?pd_rd_w=Zhb92&content-id=amzn1.sym.e5dbb0fd-6936-4959-a333-4001219ba88e&pf_rd_p=e5dbb0fd-6936-4959-a333-4001219ba88e&pf_rd_r=4NGH7KVZ9AW6T1GYWB7K&pd_rd_wg=Rb6fU&pd_rd_r=7bd029b0-4cdb-491a-bbd1-006080ef6716&ref_=sspa_dk_detail_img_1&sp_csd=d2lkZ2V0TmFtZT1zcF9kZXRhaWxfdGhlbWF0aWM&th=1
a047323d1319027efa4f4b0b9f4cd189b4d77dc7		Amazon	2024-12-03T13:27:29.238	Edurino Figurine Skunk	1	false	false	24.99	https://screenshot.googleplex.com/4LhFf3H7KbzpbSM	https://www.amazon.de/Edurino-Innovatives-digitales-Zahlenverst%C3%A4ndnis-Minusrechnen/dp/B0CT8Z2KMH
a05391449b1352ce79cb9746de35117ab579377b			2024-11-25T13:46:07.175	Top model Pencil Case	1	true	true	36.67	https://screenshot.googleplex.com/7mVNLFCT6Ek8kA5	https://www.amazon.de/Depesche-12775-TOPModel-Fairy-Love/dp/B0CVN74RQB/ref=sr_1_7?__mk_de_DE=%C3%85M%C3%85%C5%BD%C3%95%C3%91&crid=3S2Q4IKRC6BRO&dib=eyJ2IjoiMSJ9.wIdoX5SFhRfw7XOHlP4-_NJzu3JuaY347Up1HUE3z2lLiteE7xhXDP4C6fnEQZ6i65Yv5k1guE0z-XC1GbYpy3qkal5P7fpmDyNmkL8QvAiHg39zUCf1ESVKP7CPxGExOz9RsuIsT7QHm8ep7CzZURbvzt4KElmjSAD1WZKxDZxGj0CLQdEK45xVepUEikMLkxCoU_Sl6joU4gKRMosHP75AaAJL1anU45XqvBlVWWYnU6gUQRp9yDBpVOJis4LZ4hAf07AXAjpQG9v_pqTgNSOtXg-ypNXLjbTmr3elvCA.KGCUBUKJfIsrdsIIkEEtLkbnZ5KxBhv4vudLNebZ_VQ&dib_tag=se&keywords=top+model+federm%C3%A4ppchen&nsdOptOutParam=true&qid=1731609755&sprefix=top+model+federm%C3%A4ppchen%2Caps%2C122&sr=8-7
a06707371db39383eb3717f17b0d995538a09291		Amazon	2024-12-04T10:56:39.963	Beyblade Arena	1	false	true	22.99	https://screenshot.googleplex.com/BxkWUWpLatp73jD	https://www.amazon.de/CRAZE-Blade-Kampfkreisel-Evolution-Spielzeug/dp/B0BJWWZZSS/ref=sr_1_1_sspa?__mk_de_DE=%C3%85M%C3%85%C5%BD%C3%95%C3%91&crid=2MGT0EE0MYL61&dib=eyJ2IjoiMSJ9.Pb44-jejIL4v5JjFZJxS5ux-U8SYTEi9ni9VQ-ZuH1ZedfXJaib2Y5CUzs0QKIsN7CZXBubD1hSsm0afvZo2NoXYYSINgXKcLhEctfntipK6x4yC-hug1dh_irquv2aHlYp_UpyRXXd0CIC1HnSly2qfOEGw70T8Q-OhYEfNY6Ee9xJK0llv0tbGOKFJ9tANl1lFxf3MhXYzQZLyiK8oZMSyx053cr4r0MQPNpkqsubl0l_e7j9iJeiiiA6l9-7MQAh-Xp6sKuUI82kXu9Sj_qHrnk7U7UrdKEQBrnv31k0.gcL_LxKi29H4cSIpctL_IBlEzWAhsbjRXhMjU_ZLAJ0&dib_tag=se&keywords=beyblade&qid=1731613385&s=toys&sprefix=bexblade%2Ctoys%2C120&sr=1-1-spons&sp_csd=d2lkZ2V0TmFtZT1zcF9hdGY&th=1
a12d51f132944b7214d5210e7aded04833824127		Amazon	2024-11-25T13:15:01.016	Movement Game	1	true	false	21.99	https://screenshot.googleplex.com/9rMn95qieBNsZP5	https://www.amazon.de/Toys-Bewegungsspiele-verschiedene-Kindergeburtstage-mehrfarbige/dp/B019Z4J10G/ref=sr_1_27_sspa?__mk_de_DE=%C3%85M%C3%85%C5%BD%C3%95%C3%91&crid=2WZJHQ7VVWZKM&dib=eyJ2IjoiMSJ9.nrumd26no43ShQdbmjQ_I9CvxuVb_8fs-usLync8ggvCuYM0BYIsfxB9bhVplP1CLHxbQiC6uCtoaZj7LYssLilQflpGgBsdgb7lj_1HV96VMzEOuUGXag1oTk8pxHj1gHoWZjZwAUaXJpfwhhSo4Bq7AS14MOmERwQYSVrKZrAqnE-YfILnoC1ZQLdCOb1pKusHYiaVzUhQgI2e1pLXISQnDbY_6QLWnRBS3obdRWY1dzOVlTMhtDrXORjj2Dpazh3N6pgsJ_siTwORz7ffXfdy9PxmdCATfVhZm8Qs6Tk.0qoIpoT6hvdMQ1xaVee2bfuTNFLcPvGby773cFSnv6M&dib_tag=se&keywords=die+magischen+schl%C3%BCssel+spiel&nsdOptOutParam=true&qid=1731614787&s=toys&sprefix=die+magischen+schl%C3%BCssel+spiel%2Ctoys%2C96&sr=1-27-spons&sp_csd=d2lkZ2V0TmFtZT1zcF9idGY&psc=1
a99091c898dc2da64c4c429df598cf12c67ab67b		Amazon	2024-12-03T06:34:59.808	Tamagotchi	1	true	false	24.29	https://screenshot.googleplex.com/c4PCtFmgjHoCvqq	https://www.amazon.de/Bandai-Tamagotchi-Original-virtuelles-elektronisches/dp/B0C8J9QK46/ref=sr_1_7?crid=1T3XXG8342MB&dib=eyJ2IjoiMSJ9.BtdjKlXI4QDI0Jjhcvaj9QcvM9amOf3CGY1YQFo9QQR95OAvBzjRf6AjBFLqYUXPh-c7d7fWmWD8A1vxu8v4nLW2kZn2kM65VGg_LQKzEpovH-gjcnLgKrSbFJaHyt7KZ4fIvnwO8ySSfKmvLvckEwX8Yd7I3218pnMP8ME02O6JQi_iRjd18QzOjNLB8rCBEX_Ms24OS2e23Ws8xNz-pfJwP50olpTpNzAnt4E7PLL_wc9WX8jcTQGZf5lIOE28glPhGB-4LmWkt73wbelRmky8X73vIcqaYd4mEKgXsaE.hE8Dx75N4WuK8y8bTgzDsS406du-YWhYxRYixzRFjiI&dib_tag=se&keywords=tamagotchi%2Boriginal&nsdOptOutParam=true&qid=1731612926&s=toys&sprefix=tamagotsch%2Ctoys%2C123&sr=1-7&th=1
aa557398e76e5d2d7dc9e8508cdd6a94bf8d421a		Amazon	2024-12-02T16:08:16.554	Makeup Set	1	true	false	18.99	https://screenshot.googleplex.com/BLZggsAn262tTG9	https://www.amazon.de/dp/B0979NW8CH/ref=sspa_dk_hqp_detail_aax_0?psc=1&sp_csd=d2lkZ2V0TmFtZT1zcF9ocXBfc2hhcmVk
ac6ec3e301f9b07f239bdc8aac7d27acc8e75531		Amazon	2024-11-29T12:03:26.557	Mermaid Doll	1	true	false	17.99	https://screenshot.googleplex.com/6KdS5YL8TUQapq8	https://www.amazon.de/L-L-Surprise-Tweens-Farbwechselndem/dp/B0CRWQ446C/ref=pd_bxgy_thbs_d_sccl_2/258-3479120-4969848?pd_rd_w=3egCZ&content-id=amzn1.sym.5eda1a26-aae5-46aa-95ea-198f43dc011e&pf_rd_p=5eda1a26-aae5-46aa-95ea-198f43dc011e&pf_rd_r=M952K8T7GBRE0Q1AC8HW&pd_rd_wg=ZyBHG&pd_rd_r=e9456d4f-8919-4695-a142-42ea23c78265&pd_rd_i=B0CRWQ446C&psc=1
b488d9fe56e150293a70507eb7d3aa3fe328a16d		Amazon	2024-12-02T11:28:15.133	Tamagotchi	1	true	true	24.43	https://screenshot.googleplex.com/6KRNFLLrtVe6oY6	https://www.amazon.de/Bandai-Tamagotchi-Original-virtuelles-elektronisches/dp/B0BN8GMQFN/ref=sr_1_7?crid=1T3XXG8342MB&dib=eyJ2IjoiMSJ9.BtdjKlXI4QDI0Jjhcvaj9QcvM9amOf3CGY1YQFo9QQR95OAvBzjRf6AjBFLqYUXPh-c7d7fWmWD8A1vxu8v4nLW2kZn2kM65VGg_LQKzEpovH-gjcnLgKrSbFJaHyt7KZ4fIvnwO8ySSfKmvLvckEwX8Yd7I3218pnMP8ME02O6JQi_iRjd18QzOjNLB8rCBEX_Ms24OS2e23Ws8xNz-pfJwP50olpTpNzAnt4E7PLL_wc9WX8jcTQGZf5lIOE28glPhGB-4LmWkt73wbelRmky8X73vIcqaYd4mEKgXsaE.hE8Dx75N4WuK8y8bTgzDsS406du-YWhYxRYixzRFjiI&dib_tag=se&keywords=tamagotchi+original&nsdOptOutParam=true&qid=1731612926&s=toys&sprefix=tamagotsch%2Ctoys%2C123&sr=1-7
b9ab782089cd8d38bf2b95c6d856b766ca1393ad		Amazon	2024-11-25T10:01:31.587	Tamagotchi	1	true	true	24.29	https://screenshot.googleplex.com/7p2xdrG8etCzPNF	https://www.amazon.de/Bandai-Tamagotchi-Original-virtuelles-elektronisches/dp/B0C8J9QK46/ref=sr_1_7?crid=1T3XXG8342MB&dib=eyJ2IjoiMSJ9.BtdjKlXI4QDI0Jjhcvaj9QcvM9amOf3CGY1YQFo9QQR95OAvBzjRf6AjBFLqYUXPh-c7d7fWmWD8A1vxu8v4nLW2kZn2kM65VGg_LQKzEpovH-gjcnLgKrSbFJaHyt7KZ4fIvnwO8ySSfKmvLvckEwX8Yd7I3218pnMP8ME02O6JQi_iRjd18QzOjNLB8rCBEX_Ms24OS2e23Ws8xNz-pfJwP50olpTpNzAnt4E7PLL_wc9WX8jcTQGZf5lIOE28glPhGB-4LmWkt73wbelRmky8X73vIcqaYd4mEKgXsaE.hE8Dx75N4WuK8y8bTgzDsS406du-YWhYxRYixzRFjiI&dib_tag=se&keywords=tamagotchi%2Boriginal&nsdOptOutParam=true&qid=1731612926&s=toys&sprefix=tamagotsch%2Ctoys%2C123&sr=1-7&th=1
ba76aed33f5aade49e3b7b7a5ae8ad6a4fee2910		Amazon	2024-11-25T11:04:52.597	Squishmallows Lala	1	true	false	22.00	https://screenshot.googleplex.com/6U3aBmuCZYEoDc3	https://www.amazon.de/Squishmallows-SQCR05426-offizielles-superweiches-Kuscheltier/dp/B0CNY5MBK5?pd_rd_w=Zhb92&content-id=amzn1.sym.e5dbb0fd-6936-4959-a333-4001219ba88e&pf_rd_p=e5dbb0fd-6936-4959-a333-4001219ba88e&pf_rd_r=4NGH7KVZ9AW6T1GYWB7K&pd_rd_wg=Rb6fU&pd_rd_r=7bd029b0-4cdb-491a-bbd1-006080ef6716&ref_=sspa_dk_detail_img_1&sp_csd=d2lkZ2V0TmFtZT1zcF9kZXRhaWxfdGhlbWF0aWM&th=1
bc87f276b0799a2ca3d078fde8e1eb8d5d709fe0		Amazon	2024-11-25T19:55:03.373	Squishmallows Harrison	1	true	false	22.99	https://screenshot.googleplex.com/ArC8mMBtULSnp5M	https://www.amazon.de/Squishmallows-SQCR04133-offizielles-superweiches-Kuscheltier/dp/B0C3MNM93L?pd_rd_w=7Xgcb&content-id=amzn1.sym.e5dbb0fd-6936-4959-a333-4001219ba88e&pf_rd_p=e5dbb0fd-6936-4959-a333-4001219ba88e&pf_rd_r=DZQ42KHYFJNNN2YXBEA6&pd_rd_wg=CQ64s&pd_rd_r=56fe8465-f1b4-419b-97ee-4b485745815c&ref_=sspa_dk_detail_img_1&sp_csd=d2lkZ2V0TmFtZT1zcF9kZXRhaWxfdGhlbWF0aWM&th=1
be239b3fb2598d975546643a25902cce5350e959		Amazon	2024-11-25T10:59:31.422	RC Car	1	true	false	29.99	https://screenshot.googleplex.com/8SE6tyjDrBNS7w3	https://www.amazon.de/dp/B099N56H5Y/ref=sspa_dk_detail_0?pd_rd_i=B099N56H5Y&pd_rd_w=LnsIF&content-id=amzn1.sym.8e111585-a10f-40a4-b92c-c1e3c49654ce&pf_rd_p=8e111585-a10f-40a4-b92c-c1e3c49654ce&pf_rd_r=3YVK3RSRRAPRA1MXHXQC&pd_rd_wg=uIfJP&pd_rd_r=b52de8c3-441b-49f5-84c2-af545293ee96&s=toys&sp_csd=d2lkZ2V0TmFtZT1zcF9kZXRhaWwy&th=1
bf4ab8a726e766aae4de9187c25663e95992d5ff		FC Bayern	2024-12-03T09:54:09.797	FC Bayern Cap	1	true	false	17.50	https://screenshot.googleplex.com/9cnyU8CCpjAVG6T	https://fcbayern.com/store/de-de/p/strickmutze-logo-11833
c2448592abd09f8e6087edb8b9c9e608710243c7		Amazon	2024-11-26T10:03:22.655	Squishmallows Deacon	1	false	false	22.98	https://screenshot.googleplex.com/Ac2bafNoZhBa5w3	https://www.amazon.de/Squishmallows-SQCR05426-offizielles-superweiches-Kuscheltier/dp/B0CNY3G5KB?pd_rd_w=Zhb92&content-id=amzn1.sym.e5dbb0fd-6936-4959-a333-4001219ba88e&pf_rd_p=e5dbb0fd-6936-4959-a333-4001219ba88e&pf_rd_r=4NGH7KVZ9AW6T1GYWB7K&pd_rd_wg=Rb6fU&pd_rd_r=7bd029b0-4cdb-491a-bbd1-006080ef6716&ref_=sspa_dk_detail_img_1&sp_csd=d2lkZ2V0TmFtZT1zcF9kZXRhaWxfdGhlbWF0aWM&th=1
c6d4718fa822c1f2d19b01c8938cfa812fea3e3b		Amazon	2024-11-25T17:21:13.689	Board Game	1	false	false	39.99	https://screenshot.googleplex.com/4kBbdcB4rutyPof	https://www.amazon.de/Schmidt-Spiele-Drei-Magier-40867/dp/B008YAATF4/ref=sr_1_7?__mk_de_DE=%C3%85M%C3%85%C5%BD%C3%95%C3%91&crid=2WZJHQ7VVWZKM&dib=eyJ2IjoiMSJ9.nrumd26no43ShQdbmjQ_I9CvxuVb_8fs-usLync8ggvCuYM0BYIsfxB9bhVplP1CLHxbQiC6uCtoaZj7LYssLilQflpGgBsdgb7lj_1HV96VMzEOuUGXag1oTk8pxHj1gHoWZjZwAUaXJpfwhhSo4Bq7AS14MOmERwQYSVrKZrAqnE-YfILnoC1ZQLdCOb1pKusHYiaVzUhQgI2e1pLXISQnDbY_6QLWnRBS3obdRWY1dzOVlTMhtDrXORjj2Dpazh3N6pgsJ_siTwORz7ffXfdy9PxmdCATfVhZm8Qs6Tk.0qoIpoT6hvdMQ1xaVee2bfuTNFLcPvGby773cFSnv6M&dib_tag=se&keywords=die+magischen+schl%C3%BCssel+spiel&nsdOptOutParam=true&qid=1731614787&s=toys&sprefix=die+magischen+schl%C3%BCssel+spiel%2Ctoys%2C96&sr=1-7
c8079c5e5d89da0cd2724599d8b786d200e9c12c		Amazon	2024-12-02T10:57:32.804	Edurino Pencil Case	1	false	false	24.99	https://screenshot.googleplex.com/8yKFeH2Y6cfvsNe	https://www.amazon.de/Edurino-Sammel-M%C3%A4ppchen-Aufbewahren-Figuren-Lernspiele/dp/B0CJYM1XLS/ref=sr_1_15?crid=2S6XFKQGLQYWA&dib=eyJ2IjoiMSJ9.AidPxe9p_H069vCwWiHKi3djlERFc3lY4_38LczpXy7iy0qCZ55CZ47KSvwlkClYLtJibylVyfYuS0pjHhjTLKNQE7_AWuM3oN8w4KobNN045U_GupyTgSHATeQpr2bkGed_FO_sxk-gBPPFm4QJwx8bCKgDPQkdsG4mpu4iQIRP-ndZ-edJJmNoOW3yZ88LszJ3zGlzCvQ2MSShYilBgbmvmGCG6m1887bWd-OVqEoCqeKeeIGXVqCdyf0tm_2BboeCSTYOM2MK2zsXZ7TV-oeEsqjajU2teqWmO6orn-E.qbYhgQe2tDiTOnUkiicTmgK4HBo_QumeVipvm6zxHIw&dib_tag=se&keywords=edurino+ollie+figur&nsdOptOutParam=true&qid=1731608511&sprefix=edurino+olli%2Caps%2C112&sr=8-15
cc403d40c54ab6b26489ab08a79a349377029617		Amazon	2024-11-29T12:05:51.888	RC Dino	1	true	false	48.98	https://screenshot.googleplex.com/9ihbovQwtHuP4Ah	https://www.amazon.de/PREBOX-Ferngesteuertes-Dinosaurier-Jungen-Geburtstagsgeschenke/dp/B0CCN5VVVN/ref=sr_1_2_sspa?crid=N87UI8FCGPER&dib=eyJ2IjoiMSJ9.sRkA1wct5NwO-WI4R7e4t7LGZO_xv0tIJ_hsjVVXfxXaNcHhVIL4VOKU5uas1vOK8Nk5O8vAWO4JNp13VtujrxWxe7Y6HunUbLpkjOLsXnVYqWdCL4mR9r5coOA24ZIuAO6xV3LH5WCdtrERbzHB0zsYkaiLKIfbQQ4jxGfXqjMLO5PGTjGTMxhMzUQsufVjLDXsnJdnWBvKpqDDSxqAGfHocI-0AFgAi2U2W92mDoE9EiA8rulJQ5eYeDgHKK9FEMZfohV7j9bAJIhanrs3J5sFMPgd4THsC44taNoo8Rs.FngCrTYjwKpve5_klYFt9qZ0tw6t-Hb41CSymqe0n_Y&dib_tag=se&keywords=dinosaurier+spielzeug&qid=1731615829&sprefix=dino%2Caps%2C122&sr=8-2-spons&sp_csd=d2lkZ2V0TmFtZT1zcF9hdGY&psc=1
ce62d941611ae117b3b52dc57c6bd1b6097db4e1		Amazon	2024-12-02T12:40:30.093	Unicorn Figurine	1	false	false	22.70	https://screenshot.googleplex.com/99YLWYTNxeHYoci	https://www.amazon.de/SCHLEICH-Einhorn-Jument-Schleich-Mehrfarbig/dp/B09JPDTPRS/ref=sr_1_31?__mk_de_DE=%C3%85M%C3%85%C5%BD%C3%95%C3%91&crid=211H1M817OPK8&dib=eyJ2IjoiMSJ9.87y-Fmwq6wfcVZoqEPnJyQpmuRIyuaOFAYDYfs5iNY30vE9VKZxtscY57aw9Iralp55Sd2tRa7jVne7SJuT2sMH9UZiZ8o2nUutSfltbXBChgKVWyXGwuVOKakDe2ZWVqlCNgrWTJ2D_Rn0l7lzU2V3o3QpWMAr0fe99Xq1Idl3K2mvgFuSh_c1se8cxxKb86BY_-sthfwJjPEGZlhSUZEM-w9JKp5axZh4pDQvfle5e8wE8aQ9dTlVpz6fUdct_UpZtli0OxaShFi3CKnoPTmSC-bQa8zgYIl2FnCyRsdk.cYlbLSwDLqE107cJ5kKtlPtD4eIXzoaeylkje1BsEi0&dib_tag=se&keywords=einhorn+schleich+set&nsdOptOutParam=true&qid=1731612408&sprefix=einhorn+schleich+set%2Caps%2C144&sr=8-31
cfa474c4eeaed3a354ed1ea4bd669927cdb9fc49		Amazon	2024-11-25T12:50:03.873	Table Tennis Net	1	false	false	29.99	https://screenshot.googleplex.com/fVUvKcXQb2Tf7bk	https://www.amazon.de/GEWO-Netz-CS-Clip-schwarz/dp/B07DKYPWXN/ref=sxin_15_pa_sp_search_thematic_sspa?__mk_de_DE=%C3%85M%C3%85%C5%BD%C3%95%C3%91&content-id=amzn1.sym.dc942f51-6fb4-4c60-9841-d7d58d59e3c5%3Aamzn1.sym.dc942f51-6fb4-4c60-9841-d7d58d59e3c5&crid=1MWYSHX7CV3AP&cv_ct_cx=tischtennis%2Bnetz&dib=eyJ2IjoiMSJ9.5aLGTSJWF2KiRTPozrS_sTMrHDBE3f6GdXyaObzow1XH2aMS9tYz-Aklv6i78791jR_Itecwq0iaqnj886JPng.yn-OYJToXgRfLfRi7kdFbb9J_t5LoqT5aeMlC4Oap74&dib_tag=se&keywords=tischtennis%2Bnetz&pd_rd_i=B07DKYPWXN&pd_rd_r=e46e3802-d3b8-43ab-8040-dd8300e61002&pd_rd_w=Lk2Ei&pd_rd_wg=708z7&pf_rd_p=dc942f51-6fb4-4c60-9841-d7d58d59e3c5&pf_rd_r=STK74YNS8560HAJKVSJT&qid=1731615465&s=sports&sbo=RZvfv%2F%2FHxDF%2BO5021pAnSA%3D%3D&sprefix=tischtennis%2Bnetz%2Csports%2C91&sr=1-3-6e6ea531-5af4-4866-af75-1ef299d1c279-spons&sp_csd=d2lkZ2V0TmFtZT1zcF9zZWFyY2hfdGhlbWF0aWM&th=1
d30b6046ce373be2568c737d08dbf71d0a188d55		Amazon	2024-11-25T10:07:48.727	RC Lambo	1	false	true	24.99	https://screenshot.googleplex.com/3qLzShb4g2eyX6K	https://www.amazon.de/CMJ-RC-CARS-Rennspielzeugauto-Modellfahrzeug/dp/B0C28QJQ59/ref=sr_1_7?crid=2NK49WYANPHVH&dib=eyJ2IjoiMSJ9.XisK6GSTVGHnL7KoeKPnuPgGV45wKwMKuMw2zY8hUyFv1jPyd4tnnXphcQvylCxAhL3kBI2LNOs1ovnFxsTcLb6g4FOZ2ch1JHGTCx4lYQw3KoRFaM2CBJhZPFnUPcPD7BAY5Y8WiI3eFiCRhDnNrHrYgvWjHOU35ifZ4LK6UCl1t1xQggEXR02Yb9cKe85pGbIEDgb1WAO9X5AByZ3bYkJ3kCvIqLaULse3SRry_16fDOekL682DLui3ayEq5NVtYyG9LW3N21kxOgjbfmwFhqVmOV79e5FLQbC5W0nCI0.aCSVToJa_ih5GRS3RhHuhUAczGhY6kg-cgqVjWufRKI&dib_tag=se&keywords=rennauto+ferngesteuert&qid=1731613940&sprefix=rennauto%2Caps%2C110&sr=8-7
d3eb335e2c3f2bc0242d6fdb25e0fb79ca506949		Amazon	2024-11-28T14:19:16.295	Bluetooth Speaker	1	false	false	44.99	https://screenshot.googleplex.com/A4YLNUbJiVhQKb8	https://www.amazon.de/JBL-kleine-Bluetooth-Schwarz-Wiedergabezeit/dp/B08FB2MZ7Y/ref=sr_1_9?__mk_de_DE=%C3%85M%C3%85%C5%BD%C3%95%C3%91&crid=206YLAVYLX26D&dib=eyJ2IjoiMSJ9.kkv0v1QBlz3haLUZ66pTYKXjzb04Bz5HbMiaY5PM9sZvGzR1cCd9Nmd55g33_8FI88QwoWFOgnL7DzROrLXgHpyv67woFM2Ms5jHOHMHV6VEFjFA-pcsiuxckbPmv6VMElWaeEelTvQUeQ-4vr1DtMdMMHz2rHzWHNr5__wtQozgafmWO1UlLz8RgKWaMjk1tvpdtr5NwVC2DS5L9hCofM8xjmKVYDSg62_RrQc8gMM.ce7d-1_0WOpAN-fw9dmQraJzhwtYmczoa9n9upGeHUM&dib_tag=se&keywords=bluetooth%2Bbox&qid=1731615941&sprefix=bluetoot%2Bbox%2Caps%2C112&sr=8-9&th=1
d8a4305007aa5c362424d69163f8dcb95f94b464		Amazon	2024-12-02T16:28:42.707	Top model Pencil Case	1	true	false	34.79	https://screenshot.googleplex.com/68HzAyWyVJKMJYL	https://www.amazon.de/Depesche-12785-Wild-Gef%C3%BCllte-Federtasche-Buntstiften/dp/B0CZXSK5LS/ref=sr_1_6?__mk_de_DE=%C3%85M%C3%85%C5%BD%C3%95%C3%91&crid=3S2Q4IKRC6BRO&dib=eyJ2IjoiMSJ9.wIdoX5SFhRfw7XOHlP4-_NJzu3JuaY347Up1HUE3z2lLiteE7xhXDP4C6fnEQZ6i65Yv5k1guE0z-XC1GbYpy3qkal5P7fpmDyNmkL8QvAiHg39zUCf1ESVKP7CPxGExOz9RsuIsT7QHm8ep7CzZURbvzt4KElmjSAD1WZKxDZxGj0CLQdEK45xVepUEikMLkxCoU_Sl6joU4gKRMosHP75AaAJL1anU45XqvBlVWWYnU6gUQRp9yDBpVOJis4LZ4hAf07AXAjpQG9v_pqTgNSOtXg-ypNXLjbTmr3elvCA.KGCUBUKJfIsrdsIIkEEtLkbnZ5KxBhv4vudLNebZ_VQ&dib_tag=se&keywords=top+model+federm%C3%A4ppchen&nsdOptOutParam=true&qid=1731609755&sprefix=top+model+federm%C3%A4ppchen%2Caps%2C122&sr=8-6
d94be0bdca1d48dacfa43bc8c1b783f6fa760481		Amazon	2024-11-25T14:27:04.359	Scooter	1	true	false	49.99	https://screenshot.googleplex.com/SWH7avfST4XH5xZ	https://www.amazon.de/TENBOOM-aufleuchten-Klappbar-h%C3%B6henverstellbar-hinterradbremse/dp/B09PQR56GK/ref=sr_1_6?__mk_de_DE=%C3%85M%C3%85%C5%BD%C3%95%C3%91&crid=H72CHZE2ORIQ&dib=eyJ2IjoiMSJ9.PWxsN77rqJCfpYCrUKlWARWXHswOhBwJ6WOTkv9U01S39QgnnmP6QawCOdX7wyT5j0gxdn-Isr7S2Ub5Jlvm3zYJwTt9hwf-QPzN7WRZy-dq9kMZFVkO67VYyTiNjkEN_yuh8LLRnKM1b1pGXzDjz44sMNyYx2B0F310bljwpmVZUOTWddM0CTigra-FuOZbXf1TzqcZbRoIhn5hQcfSoCVyJdGuTZIUNu22AA_8C6z_ES0WDZXyxl4uxyfUutrIEFxuW9PLJfWO7Yyr6E1NrV4IvuH9HhA5fcsOJK7LmXA.eREJeqjvayFVg7PrK36frbR7PAJdiB2AS6DPTFIfcdc&dib_tag=se&keywords=roller&qid=1731615090&s=toys&sprefix=roller%2Ctoys%2C120&sr=1-6&th=1
d9f2b67b1423b6f7866d32ac52edbec44ba7658d		Amazon	2024-12-02T22:47:09.706	Beyblade Set	1	true	false	19.99	https://screenshot.googleplex.com/9RctVp8iU6oGCFr	https://www.amazon.de/Beyblade-Viper-5-80O-Sword-Kreisel/dp/B0CVNGTDRC/ref=sr_1_6?__mk_de_DE=%C3%85M%C3%85%C5%BD%C3%95%C3%91&crid=2MGT0EE0MYL61&dib=eyJ2IjoiMSJ9.Pb44-jejIL4v5JjFZJxS5ux-U8SYTEi9ni9VQ-ZuH1ZedfXJaib2Y5CUzs0QKIsN7CZXBubD1hSsm0afvZo2NoXYYSINgXKcLhEctfntipK6x4yC-hug1dh_irquv2aHlYp_UpyRXXd0CIC1HnSly2qfOEGw70T8Q-OhYEfNY6Ee9xJK0llv0tbGOKFJ9tANl1lFxf3MhXYzQZLyiK8oZMSyx053cr4r0MQPNpkqsubl0l_e7j9iJeiiiA6l9-7MQAh-Xp6sKuUI82kXu9Sj_qHrnk7U7UrdKEQBrnv31k0.gcL_LxKi29H4cSIpctL_IBlEzWAhsbjRXhMjU_ZLAJ0&dib_tag=se&keywords=beyblade&qid=1731613385&s=toys&sprefix=bexblade%2Ctoys%2C120&sr=1-6
df3872aea3f43564032346a2a18d0e31d7747036		Amazon	null	Top Model coloring book set	1	null	true	16.95	https://screenshot.googleplex.com/Eh7ohir5B6kRBRF	https://www.amazon.de/Depesche-12943-TOPModel-Model-Motiven-Stickerbogen/dp/B0D66WTF44/ref=sr_1_2?__mk_de_DE=%C3%85M%C3%85%C5%BD%C3%95%C3%91&crid=36QUAWVD9W8S7&dib=eyJ2IjoiMSJ9.mo5oHXXaV_-218jrxcqz8TZOOo7td_pAJg4MJOFzFuQUwUVFZDp4swMpV-5-jBwnsfFcOwnSnO0qPhcaTd-YpShvZnOvUvnomOlsnIclhsQn_T0XTtNUyZJBMMS-f1KGxHYQSmURm1fZxBOCnrY7yYq9aHC7mo8vtllYV_AcPMTgI-sOzxAU66FHGcQRA7tTEEFx4Tm8hNMEKof5dbfOAOe3Inlv279p3-pDRsXM3LdDNXeqbz1ecrkzGa70PqERR4z26jv_1c-OPoR6QSeBRkriQ-3GenF_MWEKmmeAJaE.LXTEehnAhVzWbTVMlSvhRAnt4Bajiy2ZpBIvrFlVK1Q&dib_tag=se&keywords=TOP+Model+set+mit+stiften&qid=1729860864&sprefix=top+model+set+mit+stiften%2Caps%2C144&sr=8-2
e0a11eae55e8f91f7b0da834f549ec6018197629		Amazon	2024-11-25T20:10:06.610	Dino Figurine	1	false	false	22.99	https://screenshot.googleplex.com/82UwydrswiBDgeX	https://www.amazon.de/Mattel-Jurassic-World-Ceratosaurus-Dinosaurierfigur-kontinuierlichem/dp/B0CPL1M1Y3/ref=sr_1_5?crid=AIHGTNGJUY07&dib=eyJ2IjoiMSJ9.PYNVs51ccR8L42EbcB6Cd9aIkaEkM6HluiSztLqIl4iPt4z4z_eWC0OtChuMfdlwXxwkz09Vl-Y-vYjPrqo3uTXJQQsJvK6iyxwbJBLUmHUG4lxEye-7WBDGujncWBwi1_o92NWlvMyGT0tZuIaWQyrVNNykS2EcQzv-4EQoynPV9vu20GGRsZ3syj6SiOENuj9hD2N9T-azU6JGasOMUaQEvFJJwykqF_cZD3kd2VoJMlBWoS3qemPC6xTAohsctrCb4FGPGnt2u5z7wlM8Tveesh0eFX68GbkfWiouPb4.y7bsijhLpNDuqY91y5zw0vDKS7GB2QfJt-W8Tdeiiuk&dib_tag=se&keywords=jurassic%2Bworld%2Bdinosaurier&qid=1731614202&sprefix=jurassi%2Caps%2C131&sr=8-5&th=1
e41e7987694c7bab0e48d0971b5782cc03b9991d		Amazon	2024-11-25T20:12:06.984	Basketball	1	false	false	39.95	https://screenshot.googleplex.com/8vsSqLs69T6ixhp	https://www.amazon.de/Wilson-Basketball-AUTHENTIC-Outdoor-Tackskin/dp/B091MKBL9R/ref=sr_1_18?__mk_de_DE=%C3%85M%C3%85%C5%BD%C3%95%C3%91&crid=17446F903UKMU&dib=eyJ2IjoiMSJ9.E8k1YbYO9NSx1MF5RKliePIMgNTyqpUPeHCekEV1mA3LKSsJ5G3sQ1R2UxW9BhVM1DlOFnnsvhQUBomqlPpsIm38q1l2BO5ftcethFbBd0rShPn7lnWIbdk0cH2CEepcRrFZ0QsdgdFosBsDkMs5sVDRN0hbjpuWSi8VDIULk5eky6E-lY-pY8T17Mu7Uoyg6n241dUgYWgYeuITaOhqHKuRnhM4jx0kv7B6kAIwe0qRYROF-Utthv0KxwHMaLt17z20p9GV1Ncfvwu-lYQt5ohWr1-sz0Jmse2TKO0Cv_A.tG5idRG8OFJh5axszzZM5ZxMhvqq7zWSbsuF5xStlCc&dib_tag=se&keywords=basketball&qid=1731615648&sprefix=basketball%2Caps%2C123&sr=8-18&th=1&psc=1
e78a2bd7d1cdfe20f5c0bbf5fe9db986cf4fecae		Amazon	2024-11-25T11:37:10.379	Dino Camera	1	false	false	47.99	https://screenshot.googleplex.com/5ijbRszviA4JhmZ	https://www.amazon.de/Kinderkamera-Sofortbildkamera-CAMCLID-Digitalkamera-Dinosaurier/dp/B0CDXTK1FB/ref=sr_1_29_sspa?crid=2S6XFKQGLQYWA&dib=eyJ2IjoiMSJ9.AidPxe9p_H069vCwWiHKi3djlERFc3lY4_38LczpXy7iy0qCZ55CZ47KSvwlkClYLtJibylVyfYuS0pjHhjTLKNQE7_AWuM3oN8w4KobNN045U_GupyTgSHATeQpr2bkGed_FO_sxk-gBPPFm4QJwx8bCKgDPQkdsG4mpu4iQIRP-ndZ-edJJmNoOW3yZ88LszJ3zGlzCvQ2MSShYilBgbmvmGCG6m1887bWd-OVqEoCqeKeeIGXVqCdyf0tm_2BboeCSTYOM2MK2zsXZ7TV-oeEsqjajU2teqWmO6orn-E.qbYhgQe2tDiTOnUkiicTmgK4HBo_QumeVipvm6zxHIw&dib_tag=se&keywords=edurino+ollie+figur&nsdOptOutParam=true&qid=1731608511&sprefix=edurino+olli%2Caps%2C112&sr=8-29-spons&sp_csd=d2lkZ2V0TmFtZT1zcF9idGY&psc=1
e93a9626533647c1b33f7d2cc9ac47496c170070		Amazon	2024-11-25T16:32:02.472	Scooter	1	true	false	49.99	https://screenshot.googleplex.com/8F6mmprCsfdhAK6	https://www.amazon.de/TENBOOM-aufleuchten-Klappbar-h%C3%B6henverstellbar-hinterradbremse/dp/B08SLNW4M2/ref=sr_1_6?__mk_de_DE=%C3%85M%C3%85%C5%BD%C3%95%C3%91&crid=H72CHZE2ORIQ&dib=eyJ2IjoiMSJ9.PWxsN77rqJCfpYCrUKlWARWXHswOhBwJ6WOTkv9U01S39QgnnmP6QawCOdX7wyT5j0gxdn-Isr7S2Ub5Jlvm3zYJwTt9hwf-QPzN7WRZy-dq9kMZFVkO67VYyTiNjkEN_yuh8LLRnKM1b1pGXzDjz44sMNyYx2B0F310bljwpmVZUOTWddM0CTigra-FuOZbXf1TzqcZbRoIhn5hQcfSoCVyJdGuTZIUNu22AA_8C6z_ES0WDZXyxl4uxyfUutrIEFxuW9PLJfWO7Yyr6E1NrV4IvuH9HhA5fcsOJK7LmXA.eREJeqjvayFVg7PrK36frbR7PAJdiB2AS6DPTFIfcdc&dib_tag=se&keywords=roller&qid=1731615090&s=toys&sprefix=roller%2Ctoys%2C120&sr=1-6&th=1
f28d3be019053c11852a4e40f7948de49236c66c		Amazon	2024-11-25T09:35:46.604	Board Game	1	false	false	29.99	https://screenshot.googleplex.com/AVQZ8xYt2Lwm93v	https://www.amazon.de/Game-Factory-646323-Bezauberndes-Familienspiel/dp/B0CQ8TBC92/ref=sr_1_5?crid=1MSCXMWE7EPHE&dib=eyJ2IjoiMSJ9.FgrkJHU290lE9ZfiOc8OrvErnx1lO4TUWPw0Wh3iiStb_De8xNukyh429VBXjzYPJ_sKyqZasVJoRwFeUhxGfCK9wUwdQKBUwEC4zhBqIYQIwfBmnw5RAGHeMVhpZGMc2kh7W0TH8P98WgFIOR1LAwb-dN5E5frnR1_5aoc1CgJDI8tGHoMZU0qaTcgZryimgY0ynWO_M399SZXAaS-yKHBiYYM16mXIIq7Ld45z8vAhHU9oI1aoEp4i5XeEj0yUylxq4NFEfsc82_2x5uze9m9TxFio4eWA0mYhz1Iyqos._pfoKpEhcKHPIfTLLwE91DEJsFoJmQlLT03CDCFFZV8&dib_tag=se&keywords=spiel+des+jahres+2024&qid=1731615013&s=toys&sprefix=spiel+d%2Ctoys%2C115&sr=1-5
f327ae99444dfe01dd5b585d6159511059b9b1b6		Amazon	2024-12-02T16:10:08.977	Edurino Figurine Racoon	1	false	false	24.99	https://screenshot.googleplex.com/C3jXPyvfjSDipYS	https://www.amazon.de/Edurino-Innovatives-digitales-Lernspiel-Spielerisches/dp/B09ZY95BRH/ref=sxin_15_pa_sp_search_thematic_sspa?content-id=amzn1.sym.dc942f51-6fb4-4c60-9841-d7d58d59e3c5%3Aamzn1.sym.dc942f51-6fb4-4c60-9841-d7d58d59e3c5&crid=2S6XFKQGLQYWA&cv_ct_cx=edurino+ollie+figur&dib=eyJ2IjoiMSJ9.JCshdd7dNaoYBiwFKgqlww5RXTk438u_mREsoqEEIL-2s6ckRQEVI7Pcsj195qyrQ5WUKMdUsdSfWsHAp7VZyw.49YSw1z8npL5PQEa7ZJvIChiqKXtrZOtyuZ_f64f7Y4&dib_tag=se&keywords=edurino+ollie+figur&nsdOptOutParam=true&pd_rd_i=B09ZY95BRH&pd_rd_r=90f1b9c0-de9d-4fd0-a048-5073ea3b1903&pd_rd_w=bTaHi&pd_rd_wg=eKJL9&pf_rd_p=dc942f51-6fb4-4c60-9841-d7d58d59e3c5&pf_rd_r=5KAFB6EA1M4RPNS4JV3Z&qid=1731608511&sbo=RZvfv%2F%2FHxDF%2BO5021pAnSA%3D%3D&sprefix=edurino+olli%2Caps%2C112&sr=1-2-6e6ea531-5af4-4866-af75-1ef299d1c279-spons&sp_csd=d2lkZ2V0TmFtZT1zcF9zZWFyY2hfdGhlbWF0aWM&psc=1
f7183835b22576b857721685cead80323b48a08f		Amazon	2024-11-28T14:24:57.519	Makeup Set	1	false	false	23.99	https://screenshot.googleplex.com/8ufZxAaXXZFrfd8	https://www.amazon.de/Kinderschminke-Schminkkoffer-M%C3%A4dchen-Schminke-Spielzeug/dp/B0BN8YYKBX/ref=pd_lutyp_ci_mcx_mr_typ_d_d_sccl_1_2/258-3479120-4969848?pd_rd_w=B2NVA&content-id=amzn1.sym.c383a3c5-2ea9-4a28-abc3-05fc632eb4b0:amzn1.symc.0e04ee4a-2b8c-44d8-b829-f6d01bf2800a&pf_rd_p=c383a3c5-2ea9-4a28-abc3-05fc632eb4b0&pf_rd_r=HK9HHD1VQXSKJSRSK74W&pd_rd_wg=pesRA&pd_rd_r=48525d71-25d4-47ae-87e1-c66ab65dceb2&pd_rd_i=B0BN8YYKBX&psc=1
f80c3ca346ce73da7c57a462b44e1285991da7f9		Amazon	2024-11-25T16:33:09.609	Scooter	1	true	false	49.99	https://screenshot.googleplex.com/9z6fNqQp7f9FuPS	https://www.amazon.de/TENBOOM-aufleuchten-Klappbar-h%C3%B6henverstellbar-hinterradbremse/dp/B08SLNW4M2/ref=sr_1_6?__mk_de_DE=%C3%85M%C3%85%C5%BD%C3%95%C3%91&crid=H72CHZE2ORIQ&dib=eyJ2IjoiMSJ9.PWxsN77rqJCfpYCrUKlWARWXHswOhBwJ6WOTkv9U01S39QgnnmP6QawCOdX7wyT5j0gxdn-Isr7S2Ub5Jlvm3zYJwTt9hwf-QPzN7WRZy-dq9kMZFVkO67VYyTiNjkEN_yuh8LLRnKM1b1pGXzDjz44sMNyYx2B0F310bljwpmVZUOTWddM0CTigra-FuOZbXf1TzqcZbRoIhn5hQcfSoCVyJdGuTZIUNu22AA_8C6z_ES0WDZXyxl4uxyfUutrIEFxuW9PLJfWO7Yyr6E1NrV4IvuH9HhA5fcsOJK7LmXA.eREJeqjvayFVg7PrK36frbR7PAJdiB2AS6DPTFIfcdc&dib_tag=se&keywords=roller&qid=1731615090&s=toys&sprefix=roller%2Ctoys%2C120&sr=1-6&th=1
f87ccc7bc4809a7ee68886e4bf7c539ce5221d71		Amazon	2024-11-25T09:43:12.493	Mini Squishies	1	true	false	19.19	https://screenshot.googleplex.com/5ztKGTfqJPx8LiL	https://www.amazon.de/Squishville-SQM0504-4er-superweiche-Mini-Squishmallows-Pl%C3%BCschfiguren/dp/B0CP9KCJPK/ref=pd_sim_d_sccl_4_2/258-3479120-4969848?pd_rd_w=gC8SO&content-id=amzn1.sym.e53442b4-edc2-418d-9874-8884cf93d467&pf_rd_p=e53442b4-edc2-418d-9874-8884cf93d467&pf_rd_r=1WWX1ZQ1V9SAGCJNPWWN&pd_rd_wg=RaJXX&pd_rd_r=54f8de5d-92aa-44ac-b52b-0e1141d36b53&pd_rd_i=B0CP9KCJPK&psc=1
fa752b8a4f258a0fc7f1e73f5dcbf251fc71ee21		Amazon	2024-12-04T10:53:31.502	TAMAGOTCHI	1	false	false	26.99	https://screenshot.googleplex.com/6zGmNR6TemWuvTF	https://www.amazon.de/Bandai-Tamagotchi-Original-Tamagotchi-virtuelles-elektronisches/dp/B09VLKNP75/ref=sr_1_3?crid=1T3XXG8342MB&dib=eyJ2IjoiMSJ9.BtdjKlXI4QDI0Jjhcvaj9QcvM9amOf3CGY1YQFo9QQR95OAvBzjRf6AjBFLqYUXPh-c7d7fWmWD8A1vxu8v4nLW2kZn2kM65VGg_LQKzEpovH-gjcnLgKrSbFJaHyt7KZ4fIvnwO8ySSfKmvLvckEwX8Yd7I3218pnMP8ME02O6JQi_iRjd18QzOjNLB8rCBEX_Ms24OS2e23Ws8xNz-pfJwP50olpTpNzAnt4E7PLL_wc9WX8jcTQGZf5lIOE28glPhGB-4LmWkt73wbelRmky8X73vIcqaYd4mEKgXsaE.hE8Dx75N4WuK8y8bTgzDsS406du-YWhYxRYixzRFjiI&dib_tag=se&keywords=tamagotchi%2Boriginal&nsdOptOutParam=true&qid=1731612926&s=toys&sprefix=tamagotsch%2Ctoys%2C123&sr=1-3&th=1
fc6a2d1acd1f71059e3447f58be1e2e06448815c		Amazon	2024-11-25T08:49:42.441	Transformer Figurine	1	true	false	24.99	https://screenshot.googleplex.com/nRsaL4gqYkNUz7y	https://www.amazon.de/Transformers-F86935X1-Prime-Changer-Sergeant/dp/B0CP67ZC7N/ref=sr_1_10?dib=eyJ2IjoiMSJ9.DxkHZ81AB4zFEdmskcS7v9T4ouxYPTWZbfrQ6dGkIL7IVzj9ffq7NsNRVZTyjXV7xlCjM6Ied_9eicfV8FRXSrhXgv9Zwu3zVInHGtZ2oJsLkXIzlfCJgDyfI9WyQbMd7db8xOkWCDMrvJ3-kxraELwgeSngafISorn3WLe3K7qmMK7TmPQbOv76hZgc3uPpAew5DcYLksrUpzFa151GkOqFM3vMdhGFFIoaP8LcFA8.B7_WT4s4J2Gcr8hlKAiffJebtgpdYI1ace4EBaOHsSE&dib_tag=se&keywords=transformers&qid=1731613691&sr=8-10
fd2d8178cb21d1dfb931bda87ae6b7f678810a16		Amazon	2024-11-25T17:23:51.804	Minecraft Pencil Case	1	false	false	27.99	https://screenshot.googleplex.com/9Ynjd78cPs7LLoR	https://www.amazon.de/Minecraft-Federm%C3%A4ppchen-Federtasche-Gef%C3%BCllt-Schreibwaren/dp/B0B1DT8F45/ref=sxin_15_pa_sp_search_thematic_sspa?__mk_de_DE=%C3%85M%C3%85%C5%BD%C3%95%C3%91&content-id=amzn1.sym.2f4276fb-0719-4985-9564-8f5865992fdc%3Aamzn1.sym.2f4276fb-0719-4985-9564-8f5865992fdc&crid=3S2Q4IKRC6BRO&cv_ct_cx=top+model+federm%C3%A4ppchen&dib=eyJ2IjoiMSJ9.z8dzkrON72bYLPo7I8sbo8Qgr97G6neur48zl7wVrSIwH4KJXJeDZGjuxh-i3FkbGpmXlx8LJFzi0Kce40G4rQ.q0rDUjMTrkV_BMdA2HRdVKtdW-4h-a1ErRQ3E-X216s&dib_tag=se&keywords=top+model+federm%C3%A4ppchen&nsdOptOutParam=true&pd_rd_i=B0B1DT8F45&pd_rd_r=88dda99d-59de-4ac7-aa49-ea359de7e508&pd_rd_w=ECSld&pd_rd_wg=gPhzO&pf_rd_p=2f4276fb-0719-4985-9564-8f5865992fdc&pf_rd_r=HKT5YERRF3ZT8KPGREAR&qid=1731609755&sbo=RZvfv%2F%2FHxDF%2BO5021pAnSA%3D%3D&sprefix=top+model+federm%C3%A4ppchen%2Caps%2C122&sr=1-1-0bff13d2-7188-4a82-bb3a-ccd1e70f0167-spons&sp_csd=d2lkZ2V0TmFtZT1zcF9zZWFyY2hfdGhlbWF0aWM&psc=1
fe793019016ca279cf6df35c7ab699a7fe66b7d3		Amazon	2024-12-03T10:24:41.128	Edurino Figurine Fox	1	true	false	24.99	https://screenshot.googleplex.com/iqEajAD5naDuHGC	https://www.amazon.de/Edurino-Innovatives-Spielerisches-Schreibmotorik-Buchstaben/dp/B09ZY92SHQ/ref=sr_1_1_sspa?crid=2S6XFKQGLQYWA&dib=eyJ2IjoiMSJ9.AidPxe9p_H069vCwWiHKi3djlERFc3lY4_38LczpXy7iy0qCZ55CZ47KSvwlkClYLtJibylVyfYuS0pjHhjTLKNQE7_AWuM3oN8w4KobNN045U_GupyTgSHATeQpr2bkGed_FO_sxk-gBPPFm4QJwx8bCKgDPQkdsG4mpu4iQIRP-ndZ-edJJmNoOW3yZ88LszJ3zGlzCvQ2MSShYilBgbmvmGCG6m1887bWd-OVqEoCqeKeeIGXVqCdyf0tm_2BboeCSTYOM2MK2zsXZ7TV-oeEsqjajU2teqWmO6orn-E.qbYhgQe2tDiTOnUkiicTmgK4HBo_QumeVipvm6zxHIw&dib_tag=se&keywords=edurino+ollie+figur&nsdOptOutParam=true&qid=1731608511&sprefix=edurino+olli%2Caps%2C112&sr=8-1-spons&sp_csd=d2lkZ2V0TmFtZT1zcF9hdGY&psc=1
fee512b7bba32a440cbb4a0160f78ac30c29759b		Amazon	2024-11-25T20:20:54.415	Unicorn Pencil Case	1	false	false	22.95	https://screenshot.googleplex.com/4mrXmfueDCibRin	https://www.amazon.de/Mowtential-Federm%C3%A4ppchen-Buntstifte-Radiergummi-Schulanfang/dp/B0D7MMW6HH/ref=sr_1_13_sspa?__mk_de_DE=%C3%85M%C3%85%C5%BD%C3%95%C3%91&crid=2CG4Z0872SZIR&dib=eyJ2IjoiMSJ9.dvWe-l5dz1uWA-in-k2odeUzwdh1RRyBXGoEeKPwo1wD62rc-GfyJ8ZHGbIMkwFEQv3F73h16oEdCtMMZX1xGK5AuPKQNz36s7uMqqjiwTFhqERG09VUGMZ2ivZXt1pjkbm9PZRvQ8p3EWc-aMiyxfRKftoIt9gifSh8Er2KAyMrCFnheADAXsTZdn1_fdipKWpLVx1K2c50Pez46JMZBfCenHfO-xB1mjnKmDN-BHn7wF5-Eut-FIlQ7NhFmgaQQjG4h7vO_wTojZZ8whA4a5Hw7NusmMjhW68X5BtCBCQ.7puGNwpf7_bN0BkkgCi6XJC1OHUWXfvDb0XlsCtGLxo&dib_tag=se&keywords=TOP%2BModel%2BFederm%C3%A4ppchen&qid=1729859126&sprefix=top%2Bmodel%2Bfederm%C3%A4ppche%2Caps%2C157&sr=8-13-spons&sp_csd=d2lkZ2V0TmFtZT1zcF9tdGY&th=1
ff3405ae47d99f02434ed0a6683b61f90401e0f4		Amazon	2024-11-25T20:11:03.486	Nike Basecap	1	false	false	24.99	https://screenshot.googleplex.com/78TnQnCyMCDtMUj	https://www.amazon.de/Nike-Dri-Fit-Schwarz-Metallisches-Erwachsener/dp/B0C4YT3QTC/ref=sr_1_3?dib=eyJ2IjoiMSJ9._-GTOXGyWkXAPnHn3ahmUGyFRIe7XOktQ_iILXDlVmDsLJdeSLUtbgAAWa1sZpRMu6s1ajfFkQi3KS6dMXis3MkB9R_PsR47aaa3mqy3EDWQx24UpIp403SxEjDYGSKGrqyieLorEb93grwgNsK0eQsu1baN5aMCKkZVkpLdwOzIj8SHtt33sDNeRzSmj2CfcUJGfv9HjS2RaDUWuHyY8ObTm3j-OCcQenflOeSqhWLnvSdrQR2XBZqiWY_ip2fuKKG9rEJbBIe6sWQsXScCeCpY9QBrqsJOS-EHnNKRpfc.pnTyfplfhV4aQybUNS5YYtBquun-RviuNJ1MBpwlQlg&dib_tag=se&keywords=cape+nike&nsdOptOutParam=true&qid=1731612627&sr=8-3